치매센터명,치매센터유형,소재지도로명주소,소재지지번주소,위도,경도,설립연월,건축물면적,부대시설정보,의사인원수,간호사인원수,사회복지사인원수,기타인원현황,운영기관명,운영기관대표자명,운영기관전화번호,운영위탁일자,주요치매관리프로그램소개,관리기관전화번호,관리기관명,데이터기준일자,제공기관코드,제공기관명
익산시치매상담센터,치매상담전화센터,전라북도 익산시 선화로 255 (국민생활관 2층),전라북도 익산시 남중동 86-10,35.94545821,126.9583129,2021-04,165,사무실(1)+상담실(2)+프로그램실(1),0,4,2,물리치료사(1),익산시보건소,김재광,063-859-4085,,"치매환자 등록관리, 치매조기검진, 치매치료비 지원,인지증진프로그램, 치매환자 가족지지모임 등",,익산시 보건소,2021-09-17,4680000,전라북도 익산시
울산중구치매안심센터,치매안심센터,울산광역시 중구 외솔큰길 225 중구보건소 2층,울산광역시 중구 남외동 603-2 중구보건소 2층,35.5694483,129.3504562,2020-10,259.9,사무실(1)+상담실(2)+교육실(1)+프로그램실(1)+가족카페(1)+검진실(1),0,10,1,작업치료사(2),울산광역시 중구보건소,황병훈,052-290-4366,,"무료치매선별검사, 치매예방 인지건강프로그램, 치매예방 가족교육 등",052-290-4362,울산광역시 중구 보건소,2021-09-16,3690000,울산광역시 중구
안산시상록수보건소 치매안심센터,치매안심센터,경기도 안산시 상록구 차돌배기로1길 5,경기도 안산시 상록구 사동 1584,37.30026357,126.8450629,2019-05,430,로비(1)+사무실(1)+교육상담실(1)+검진실(3)+가족카페(1)+쉼터(1),4,15,3,2(작업치료사),안산시 상록수보건소,박건희,031-481-5857,,"조기검진, 등록관리, 예방및홍보, 쉼터및가족카페 운영",1666-1234,경기도 안산시 상록수보건소,2021-08-31,3930000,경기도 안산시
안산시단원보건소 치매안심센터,치매안심센터,"경기도 안산시 단원구 화랑로 250,단원보건소 3층",경기도 안산시 단원구 초지동 666-8,37.32106713,126.8152625,2019-03,558.41,로비(1)+사무실(1)+상담실(1)+검진실(2)+가족카페(1)+쉼터(3),3,10,1,4,안산시 단원보건소,정재훈,031-481-6556,,"조기검진, 등록관리, 예방및홍보, 쉼터및가족카페 운영",1666-1234,경기도 안산시 단원보건소,2021-08-31,3930000,경기도 안산시
진안군치매안심센터,치매안심센터,전라북도 진안군 진안읍 진무로 1189,,35.7973085385,127.4347748367,2018-10,358,,1,10,3,작업치료사(1)+조무사(1),진안군보건소,이임옥,063-430-8582,,"치매조기검진, 치매의료비지원, 치매극복의날 기념행사, 한마음 치매극복 걷기대회, 치매환자 및 가족 프로그램, 치매인식개선사업, 치매안심마을운영, 치매공공후견인사업, 치매파트너 및 파트너플러스 양성, 치매극복선도단체, 맞춤형 돌봄 사례 등관리, 실종예방사업, 쉼터운영, 조호물품지원 등",,진안군청,2021-09-15,4730000,전라북도 진안군
영덕군치매안심센터,치매안심센터,경상북도 영덕군 영덕읍 군청길 53,경상북도 영덕군 영덕읍 덕곡리 228-2,36.4135451232,129.3735579543,2020-07,727.25,사무실(1)+프로그램실(1)+교육실카페(1)+상담실(1)+검사실(1)+화장실(1),0,7,5,3,경상북도 영덕군 보건소,김재희,054-730-7177,,"치매조기검진,치매환자 사례관리,치매 프로그램 운영,치매치료관리비 지원,치매인식개선사업 등",054-730-6813,경상북도 영덕군청,2021-09-15,5180000,경상북도 영덕군
부산광역시 해운대구,치매안심센터,부산광역시 해운대구 양운로 37번길 59,부산광역시 해운대구 좌동 1339,35.16410942,129.1786558,2019-05,630,주차장등,3,9,4,4,해운대구치매안심센터,정연희,051-749-0770,,"치매조기검진(선별,정밀)치매환자 상담 및 등록관리조호물품지원치매치료비지원치매환자 공공후견인지원치매예방교실인지강화교실(두근두근뇌운동)인지재활교실 가족교실(헤아림)가족모임지원 등",051-749-7572,해운대구보건소,2021-10-14,3330000,부산광역시 해운대구
군산시치매안심센터,치매안심센터,전라북도 군산시 공단대로 482(나운동),전라북도 군산시 나운동 808-2,35.9646059,126.6897785,2018-07,956.7,사무실(3)+상담실(3)+프로그램실(2)+가족카페(1),1,9,5,임상심리사(1)+작업치료사(5),군산시보건소,백종현,063-454-5870,2015-07-01,"무료치매검사, 치매환자쉼터운영,치매예방 및 인지강화프로그램 운영 등",063-460-3277,군산시보건소,2021-10-14,4670000,전라북도 군산시
나주시치매안심센터,치매안심센터,전라남도 나주시 이창동 풍물시장2길 57-32,전라남도 나주시 이창동 740-1,34.99522645,126.708224,2021-12,827,,0,7,5,3,나주시,윤상식,061-339-2101,2018-11-22,"치매조기검진, 프로그램 운영 등",061-339-2101,전라남도 나주시,2021-10-15,6460000,전라남도
광양시치매안심센터,치매안심센터,전라남도 광양시 광양읍 호북길 13-3,전라남도 광양시 광양읍 칠성리 898-3,34.98010194,127.5836099874,2021-10,593,,1,9,2,4,광양시,박주필,061-797-4059,2018-10-11,"치매조기검진, 상담등록관리 등 운영",061-797-4059,전라남도 광양시,2021-10-15,6460000,전라남도
담양군치매안심센터,치매안심센터,전라남도 담양군 담양읍 완동길 10-5,전라남도 담양군 담양읍 만성리 116-1,35.32470177,126.9807438,2021-02,613.8,,0,9,1,8,담양군,김순복,061-380-2963,2019-01-29,"치매환자 쉼터 운영, 조기검진",061-380-2963,전라남도 담양군,2021-10-15,6460000,전라남도
곡성군치매안심센터,치매안심센터,전라남도 곡성군 곡성읍 곡성로 854,전라남도 곡성군 곡성읍 읍내리 220,35.27886716,127.2969046,2021-09,342.7,,1,7,0,2,곡성군,임인동,061-360-8981,2019-07-10,"등록관리, 쉼터,예방 등",061-360-8981,전라남도 곡성군,2021-10-15,6460000,전라남도
구례군치매안심센터,치매안심센터,전라남도 구례군 구례읍 동편제길 30,전라남도 구례읍 백련리 576,35.21607284,127.4617801,2021-12,437,,1,5,3,2,구례군,김형진,061-780-2023,2017-11-01,"치매쉼터프로그램, 치매예방교실, 인지강화 교실",061-780-2023,전라남도 구례군,2021-10-15,6460000,전라남도
하동군치매안심센터,치매안심센터,경상남도 하동군 하동읍 군청로31,경상남도 하동군 하동읍 읍내리 149-1,35.0671663372,127.7527913083,2017-07,,"상담실, 사무실",0,5,2,3,하동군보건소,이경숙,055-882-4000,,1.치매상담등록관리2.치매조기검지3.사례관리4.가족지원사업5.인지강화 및 예방프로그램운영6.치매파트너 및 등대지기 양성 등,055-882-4000,하동군보건소,2020-10-27,5440000,경상남도 하동군
서울특별시송파구치매안심센터,치매안심센터,서울특별시 송파구 충민로 184,서울특별시 송파구 장지동 850-2,37.48578411,127.1341622,2008-03,682,사무실(1)+검진실(3)+프로그램실(4)+가족소모임실(1)+치매가족카페(1),0,11,4,작업치료사(3)+임상심리사(1),송파구보건소,김인국,02-2147-5050,,"치매조기검진, 치매인식개선 및 등록관리사업, 쉼터 및 인지건강프로그램 운영 등",02-2147-2356,서울특별시 송파구청,2021-02-19,3230000,서울특별시 송파구
시흥시 치매안심센터(연성센터),치매안심센터,경기도 시흥시 장현천1길 32,경기도 시흥시 하중동 798-5,37.38413218,126.8021091,2020-01,348.25,사무실(1)+회의실(1)+교육실(1)+ 검진및상담실(3)+환자쉼터(1)+가족카페(1),0,4,1,작업치료사(2)+송영및쉼터보조인력(1),시흥시보건소,박명희,031-310-6825,,치매조기검진/치매의료비 및 검진비 지원/ 치매예방교육/ 치매환자쉼터 및 가족지원사업 등,031-310-5858,경기도 시흥시청,2021-06-01,4010000,경기도 시흥시
시흥시 치매안심센터(정왕센터),치매안심센터,경기도 시흥시 정왕대로233번길 19,경기도 시흥시 정왕동 1799-5,37.34672069,126.7401529,2018-11,538.68,사무실(1)+회의실(1)+교육실(2)+검진및상담실(4)+환자쉼터(1)+가족카페(1),0,4,1,작업치료사(2)+의무기록사(1)+송영및쉼터보조인력(1),시흥시보건소,박명희,031-310-5930,,치매조기검진/치매의료비 및 검진비 지원/ 치매예방교육/ 치매환자쉼터 및 가족지원사업 등,031-310-5858,경기도 시흥시청,2021-06-01,4010000,경기도 시흥시
시흥시 치매안심센터(대야신천센터),치매안심센터,경기도 시흥시 호현로 55,경기도 시흥시 대야동 484-3,37.445579,126.785283,2019-04,489,사무실(1)+회의실(1)+ 검진실(2)+환자쉼터(1)+가족카페(1),0,5,1,작업치료사(2)+송영및쉼터보조인력(1),시흥시보건소,박명희,031-310-5857,,치매조기검진/치매의료비 및 검진비 지원/ 치매예방교육/ 치매환자쉼터 및 가족지원사업 등,031-310-5858,경기도 시흥시청,2021-06-01,4010000,경기도 시흥시
전주시 치매안심센터,치매안심센터,전라북도 전주시 완산구 전라감영로 33,전라북도 전주시 완산구 중앙동4가 30-1,35.81584604,127.1433514,2021-11,239.58,사무실+휴게실+프로그램실 등,0,13,3,임상심리사(1)+작업치료사(1)+기타행정인력(1),전주시보건소,김신선,063-281-6291,,"치매환자 등록관리, 인지재활프로그램,가정방문사례관리 등",063-281-6291,전주시 보건소,2021-10-12,4640000,전라북도 전주시
완도군치매안심센터,치매안심센터,전라남도 완도군 완도읍 농공단지길 34,전라남도 완도군 완도읍 죽청리 483-8,34.33582329,126.731327,2018-12,,,1,5,3,2,완도군보건의료원,김선종,061-550-5810,,치매조기검진 치매예방관리사업 치매사례관리 치매인식개선 및 홍보 치매공공후견인 치매치료관리비 지원사업,061-550-5810,완도군,2021-10-14,4990000,전라남도 완도군
보성군치매안심센터,치매안심센터,전라남도 보성군 보성읍 갱맹골길 206,전라남도 보성군 보성읍 주봉리 529,34.7664558,127.071271,2017-11,344,사무실+검진실+가족카페+쉼터+프로그램실+상담실,2,7,1,4,전라남도 보성군보건소,김미자,061-850-8695,2018-11-27,치매조기검진 및 등록 관리+치매예방교실+조호물품제공 등,061-853-4000,전라남도 보성군보건소,2022-06-28,4890000,전라남도 보성군
단양군치매안심센터,치매안심센터,충청북도 단양군 단양읍 수변로 83,충청북도 단양군 단양읍 도전리 632,36.98284257,128.3707522,2022-11,309,,0,2,3,5,충청북도 단양군 보건소,강규원,043-420-3201,,인지재활,043-420-3201,충청북도 단양군 보건소,2022-06-15,4480000,충청북도 단양군
논산시치매안심센터,치매안심센터,충청남도 논산시 논산대로 408,충청남도 논산시 관촉동 329-2,36.19653553,127.1047397,2019-11,730.27,가족카페+검진실+상담실+쉼터 등,1,13,2,5,논산시보건소,한미옥,041-746-6921,,치매조기검진+치매예방교육+치매환자등록관리+치매환자 가족교실 및 자조모임+치매환자 쉼터운영 등,041-746-6939,충청남도 논산시 보건소,2022-06-08,4540000,충청남도 논산시
옥천군치매안심센터,치매안심센터,충청북도 옥천군 옥천읍 가화4길 18,충청북도 옥천군 옥천읍 금구리 230-20,36.30508487,127.5612257,2016-06,610,사무실(2)+건강교실(1)+검사실(2)+가족카페(1)+쉼터(1)+프로그램실(1),0,9,2,4,옥천군치매안심센터,이인숙,043-730-2158,,치매조기검진+치매환자 및 가족지원사업+치매인식개선 홍보 및 교육,043-730-2114,충청북도 옥천군청,2022-05-26,4430000,충청북도 옥천군
의왕시치매안심센터,치매안심센터,경기도 의왕시 오봉로 34,,37.34378787,126.9719939,2019-03,287.82,쉼터(1)+가족카페(1)+검사실(2)+진료실(1)+사무실(1),1,5,1,작업치료사(3) + 기타(1),의왕시보건소,김재복,031-345-3851,,"치매조기검진사업, 쉼터 운영, 가족교실, 인지강화교육, 치매 치료비지원, 치매인식개선, 치매안심마을 운영",031-345-3851,경기도 의왕시청,2022-06-13,4030000,경기도 의왕시
치매안심센터 주촌분소,치매안심센터,경상남도 김해시 주촌면 주선로 29-1 2층,경상남도 김해시 주촌면 선지리 635-1 2층,35.23477742,128.8457571,2018-03,1982.94,사무실+상담실+쉼터,0,5,2,심리상담사(1),김해시 보건소,이종학,055-320-5971,,인지재활프로그램,055-320-5971,경상남도 김해시청,2022-06-09,5350000,경상남도 김해시
김해시치매안심센터,치매안심센터,경상남도 김해시 분성로727번길 8-35 1층,경상남도 김해시 지내동 327-2 1층,35.2300251,128.9224445,2020-09,585.49,사무실+상담실+쉼터,0,11,3,작업치료사(2),김해시 보건소,이종학,055-320-5961,,인지재활프로그램,055-320-5961,경상남도 김해시청,2022-06-09,5350000,경상남도 김해시
여수시치매안심센터,치매안심센터,전라남도 여수시 신월로 794,전라남도 여수시 봉강동 323-11,34.73912089,127.7260546,2017-11,237,사무실(2)+검진실(4)+상담실(4)+프로그램실(2),0,19,4,작업치료사(2)+기타(2),여수시 보건소,박춘순,061-659-5440,,치매선별검사(MMSE-DS)+치매조기검진비 지원+치매치료관리비 지원+치매배회어르신 관리+치매파트너모집+인지재활프로그램,061-659-5440,전라남도 여수시 보건소,2022-06-17,4810000,전라남도 여수시
무주군치매안심센터,치매안심센터,전라북도 무주군 무주읍 한풍루로413,전라북도 무주군 무주읍 당산리 701,36.005882,127.6716991,2018-07,309,사무실+프로그램실,1,5,1,4,무주군보건의료원,홍찬표,063-320-8601,,치매예방+인지강화+인지재활,,전라북도 무주군보건의료원,2022-06-17,4740000,전라북도 무주군
울릉군치매안심센터,치매안심센터,경상북도 울릉군 울릉읍 울릉순환로 396-18,,37.48590672,130.8994626301,2018-05,72,치매단기쉼터,1,4,2,0,울릉군보건의료원,김영헌,054-790-6827,,치매치료관리비지원,054-880-3805,경상북도 보건정책과,2022-06-17,5260000,경상북도 울릉군
서북구치매안심센터,치매안심센터,충청남도 천안시 서북구 서부8길 29,충청남도 천안시 서북구 성정동 684-1,36.8197764,127.1398813,2012-03,489,사무실 2+ 프로그램실 2+ 상담실 1+ 검사실 1+ 쉼터 1+ 가족카페1,0,9,2,3,서북구보건소,이현기,041-521-5740,,치매조기검진+인지재활+쉼터+가족지원사업 등,041-521-5928,충청남도 천안시청,2022-06-14,4490000,충청남도 천안시
동남구치매안심센터,치매안심센터,충청남도 천안시 동남구 버들로 40,충청남도 천안시 동남구 문화동 112-1,36.80718993,127.1514636,2018-11,578,사무실 2+ 프로그램실 1+ 상담실 1+ 검사실 1+ 쉼터1+ 가족카페1,0,7,2,4,동남구보건소,주미응,041-521-3343,,치매조기검진+인지재활+쉼터+가족지원사업 등,041-521-3343,충청남도 천안시청,2022-06-14,4490000,충청남도 천안시
서귀포시서부보건소치매안심센터,치매안심센터,제주특별자치도 서귀포시 대정읍 최남단해안로 15번길 12,제주특별자치도 서귀포시 대정읍 하모리 767-8,33.21867302,126.2532449,2018-07,290.85,사무실. 상담실. 검진실. 프로그램실. 치매카페. 쉼터,0,4,0,1,제주특별자치도 서귀포시 서부보건소,고행선,064-760-6249,,등록관리. 조기검진. 단기쉼터 및 치매 카페 운영. 치매 인식개선 및 홍보. 치매치료관리 지원 등,064-760-6249,제주특별자치도 서귀포시,2022-06-17,6520000,제주특별자치도 서귀포시
서귀포보건소치매안심센터,치매안심센터,제주특별자치도 서귀포시 중앙로101번길 52,제주특별자치도 서귀포시 서홍동 447-3,33.2534258,126.5553625,2018-07,494.01,사무실. 상담실. 검진실. 프로그램실. 치매카페,0,5,2,2,제주특별자치도 서귀포시 서귀포보건소,오인순,064-760-6031,,등록관리. 조기검진. 단기쉼터 및 치매 카페 운영. 치매 인식개선 및 홍보. 치매치료관리 지원 등,064-760-6555,제주특별자치도 서귀포시,2022-06-17,6520000,제주특별자치도 서귀포시
서귀포시동부보건소치매안심센터,치매안심센터,제주특별자치도 서귀포시 남원읍 태위로 527,제주특별자치도 서귀포시 남원읍 남원리 2359-1,33.27562882,126.7034172,2018-07,364.29,사무실. 상담실. 검진실. 프로그램실. 치매카페,0,3,3,1,제주특별자치도 서귀포시 동부보건소,송순오,064-760-6141,,등록관리. 조기검진. 단기쉼터 및 치매 카페 운영. 치매 인식개선 및 홍보. 치매치료관리 지원 등,064-760-6125,제주특별자치도 서귀포시,2022-06-17,6520000,제주특별자치도 서귀포시
칠곡군치매안심센터,치매안심센터,경상북도 칠곡군 왜관읍 관문로 1길 30,경상북도 칠곡군 왜관읍 매원리 692-5,35.9907079722,128.4186405794,2018-10,382.11,사무실(1)+프로그램실(3)+단기쉼터(2)+가족카페(1),1,9,4,3,칠곡군보건소,권정희,054-973-4000,2018-10-25,"치매검진, 맞춤형 사례관리, 예방 및 인지강화 프로그램, 가족지원 사업, 홍보 및 교육 등",054-974-3321,경상북도 칠곡군청,2022-06-14,5220000,경상북도 칠곡군
달성군치매안심센터,치매안심센터,대구광역시 달성군 현풍읍 현풍중앙로27,대구광역시 달성군 현풍읍 하리 253-2,35.6920062392,128.4462105423,2020-06,874.74,사무실(1)+상담실(2)+센터장실(1)+작업치료실(2)+교육실(1)+쉼터+카페,1,11,4,작업치료사(3),달성군보건소,달성군보건소장,053-668-3841,,"치매선별검사, 치매예방프로그램, 치매인지재활프로그램 등",053-668-3841,대구광역시 달성군보건소,2022-06-08,3480000,대구광역시 달성군
음성군치매안심센터,치매안심센터,충청북도 음성군 음성읍 중앙로 49,충청북도 음성군 음성읍 읍내리 406-4,36.928899,127.688876,2019-01,495,사무실(1)+교육실(2)+화장실(2)+진료실(1)+상담실(1)+검진실(1)+카페(1)+비품실(1)+통신실(1),1,10,1,작업치료사(1)+임상심리사(1)+기타(1)+행정(1),음성군보건소,전병태,043-872-2136,,치매조기검진 및 치매관련 프로그램 운영 등,043-871-3114,충청북도 음성군청,2022-06-09,4470000,충청북도 음성군
태안군치매안심센터,치매안심센터,충청남도 태안군 태안읍 서해로 1952-16,충청남도 태안군 태안읍 평천리 698-6,36.7518786,126.3231987,2018-06,330,"프로그램실, 가족카페, 사무실, 검진실,대기실",1,4,2,1,태안군,허종일,041-671-5228,2018-06-01,"치매환자 등록관리, 조호물품 지원, 치료관리비 지원,쉼터프로그램 운영, 조기검진, 치매예방 교육 등",041-671-5262,태안군 보건의료원,2022-06-13,4620000,충청남도 태안군
의성군치매안심센터,치매안심센터,경상북도 의성군 의성읍 구봉길 228,경상북도 의성군 의성읍 도서리 104-1,36.345603,128.6976945529,2020-04,228.99,사무실(1)+진단실(1)+상담실(2)+프로그램실(1)+교육실(1)+치매카페(1),3,12,3,운전직(1)+작업치료사(2),경상북도 의성군보건소,신복련,054-830-6699,,"무료치매검사, 치매극복의날기념행사, 인식개선홍보,가족지지프로그램운영,1:1맞춤형사례관리치매 홍보서포터즈 운영,치매보듬마을운영,우리마을예쁜치매쉼터운영 등",054-830-0660,경상북도 의성군청,2020-12-10,5150000,경상북도 의성군
고창군 치매안심센터,치매안심센터,전라북도 고창군 고창읍 전봉준로 90,전라북도 고창군 고창읍 율계리 101,35.4437625509,126.6832504419,2018-10,353,상담실+검진실+쉼터+프로그램실+가족카페+사무실 등,1,8,2,5,고창군보건소,최현숙,063-560-8725,,"치매환자 등록관리, 인지증진 및 재활프로그램, 맞춤형사례관리, 가족지원프로그램 등",063-560-8728,고창군청,2020-11-30,4780000,전라북도 고창군
보은군치매안심센터,치매안심센터,충청북도 보은군 보은읍 임업길 22,충청북도 보은군 보은읍 삼산리 172-2,36.48703402,127.7155518,2019-06,764.66,"사무실, 프로그램실, 교육실, 쉼터",0,3,0,3,보은군치매안심센터,이영순,043-540-5642,,인지재활프로그램,043-540-5642,보은군보건소,2021-05-06,4420000,충청북도 보은군
동구치매안심센터,치매안심센터,"광주광역시 동구 서남로 14, 7층",광주광역시 동구 서석동 29,35.14495168,126.9231621,2021-11,610,사무실(1)+진료실(2)+상담실(1)+사랑방(1)+프로그램실(1)+대회의실(1)+가족카페(1),0,11,0,4,동구보건소,남현,062-608-3490,,"치매조기검진, 치매파트너 양성, 치매치료비지원, 인지재활교육, 치매예방교육",062-608-3472,광주광역시 동구,2021-09-29,3590000,광주광역시 동구
대전광역시 대덕구 치매안심센터,치매안심센터,"대전광역시 대덕구 동춘당로 187, 3층","대전광역시 대덕구 법동 192-1, 3층",36.367296,127.430828,2018-07,487.3,"로비, 사무실, 교육·상담실, 검진실, 프로그램실(2), 가족카페",1,10,1,3,대전광역시 대덕구보건소,김주연,042-608-5499,,"치매환자 등록 관리, 가족교육, 예방교육, 치매검사, 인지훈련 등",042-608-6114,대전광역시 대덕구,2021-06-29,3680000,대전광역시 대덕구
횡성군보건소,치매안심센터,강원도 횡성군 횡성읍 횡성로 379,,37.4871296,127.9844504,2019-12,,"사무실,검진실",1,8,1,3,횡성군보건소,태현숙,033-340-5653,,인지재활프로그램,033-340-5653,횡성군보건소,2021-06-27,4260000,강원도 횡성군
구미치매안심센터,치매안심센터,경상북도 구미시 지산11길 8-1,경상북도 구미시 지산동 853-141,36.139463,128.3455203,2021-06,354.71,사무실(1)+진료실(1)+검사실(1)+상담실(1)+프로그램실(2)+가족카페(1)+교육실(1)+소회의실(1)+쉼터(1),1,11,1,5,구미치매안심센터,구건회,054-480-4884,,"치매환자 등록 및 상담, 맞춤형 사례관리, 치매조기검진, 치매환자쉼터 및 예방교실, 치매가족지원사업, 치매인식개선사업 등",054-880-3797,경상북도청,2021-06-28,5080000,경상북도 구미시
청양군치매안심센터,치매안심센터,충청남도 청양군 청양읍 칠갑산로 7길 54,충청남도 청양군 청양읍 읍내리 261-1,36.45501978,126.8049308,2019-11,381.86,"검진실, 사무실, 프로그램실",1,7,2,2,청양군보건의료원,김상경,041-940-4500,,"치매환자쉼터, 인지재활프로그램, 치매가족교실, 치매자조모임, 치매예방교실",041-940-4551,청양군보건의료원,2021-09-27,4590000,충청남도 청양군
함양군 치매안심센터,치매안심센터,경상남도 함양군 함양읍 한들로 141,경상남도 함양군 함양읍 용평리 630-3,35.5196762995,127.731782,2018-09,398,"사무실, 상담실, 검진실, 쉼터, 가족카페, 프로그램실",1,5,2,2,함양군보건소,박미혜,055-960-8070,,"치매조기검진, 치매환자상담 및 등록관리, 조호물품제공, 집중사례관리, 인지재활프로그램운영, 치매가족모임운영, 치매인식개선사업, 치매환자실종예방사업 등",055-960-8070,함양군보건소,2021-09-17,5460000,경상남도 함양군
동대문구 치매안심센터,치매안심센터,서울특별시 동대문구 홍릉로 81,서울특별시 동대문구 청량리동 203-1,37.58751921,127.0427044,2008-04,567.58,프로그램실+상담실+진료실+기억키움학교,1,10,3,6,경희의료원,김종우,02-957-3062,2021-01-01,"치매조기검진, 치매환자 등록관리, 치매환자 인지재활프로그램, 가족치유 프로그램, 기억키움학교 운영 등",02-2127-5194,서울특별시 동대문구보건소,2022-04-14,3050000,서울특별시 동대문구
대구광역시중구치매안심센터,치매안심센터,대구광역시 중구 태평로 45,대구광역시 중구 태평로3가 174-1,35.8779060610,128.5833354604,2018-11,,사무실+검진실+프로그램실+치매가족카페,1,7,3,5,대구광역시중구보건소,황석선,053-661-3911,,"선별검사, 진단검사, 상담, 치매예방교육, 기억쉼터 운영 및 인지재활프로그램, 가족교실 운영, 맞춤형사례관리 등",053-661-3920,대구중구청(대구광역시중구보건소),2022-06-10,3410000,대구광역시 중구
사천시치매안심센터,치매안심센터,경상남도 사천시 중앙로 212(벌리동),경상남도 사천시 벌리동 104-1,34.94435219,128.0811474,2019-05,746.15,,0,9,0,치과위생사(1)+물리치료사(1)+운전기사(1),사천시보건소,정희숙,055-831-5861,,"치매조기검진 및 등록사업, 사례관리, 치매치료관리비 지원, 조호물품제공, 치매환자 쉼터 및 가족카페 운영, 치매인식개선 및 교육홍보, 치매어르신 실종예방 사업 등",055-831-5860,사천시보건소,2022-05-26,5340000,경상남도 사천시
창원보건소 치매안심센터,치매안심센터,경상남도 창원시 성산구 마디미로73번길 10,경상남도 창원시 성산구 상남동 37-3,35.21832577,128.6823024,2022-12,1048,,1,7,2,5,창원보건소 건강관리과,정혜정,055-225-5794,,"치매인지재활, 치매가족모임",055-225-5748,경상남도 창원시청,2022-06-09,5670000,경상남도 창원시
마산보건소 치매안심센터,치매안심센터,경상남도 창원시 마산합포구 월영동북로15,경상남도 창원시 마산합포구 해운동 61-1,35.18239943,128.562816,2022-07,616,,1,10,2,5,마산보건소 건강관리과,조현국,055-225-5993,,"치매인지재활, 치매가족모임",055-225-5993,경상남도 창원시청,2022-06-09,5670000,경상남도 창원시
진해보건소 치매안심센터,치매안심센터,경상남도 창원시 진해구 중원동로 62,경상남도 창원시 진해구 중앙동 11-1,35.149898,128.661939,2022-05,645,,1,6,3,4,진해보건소 서부보건지소,오막엽,055-225-6692,,"치매인지재활, 치매가족모임",055-225-6692,경상남도 창원시청,2022-06-09,5670000,경상남도 창원시
김천시치매안심센터,치매안심센터,경상북도 김천시 체육공원길 21,경상북도 김천시 지좌동 440-128,36.11973266,128.1445272,2019-02,,,1,10,5,임상병리사(1)+작업치료사(6)+환경정비사(1),김천시치매안심센터,장재근,054-421-2960,,치매조기검진사업 및 치매치료관리비지원사업 등,054-421-2700,경상북도 김천시 보건소,2022-05-31,5060000,경상북도 김천시
양주시 치매안심센터,치매안심센터,경기도 양주시 화합로1426번길 90,경기도 양주시 덕정동 206,37.83814235,127.0680351,2022-05,605,쉼터+가족카페+원예치료실등,2,10,1,1,양주시보건소,이재환,031-8082-7147,2019-05-15,"치매조기검진, 치매예방프로그램, 치매환자 쉼터, 치매가족지원사업, 치매약제비 지원, 조호용품등 지원",031-8082-7100,경기도 양주시청 건강증진과 건강증진과,2022-05-31,5590000,경기도 양주시
강화군치매안심센터,치매안심센터,인천광역시 강화군 강화읍 충렬사로 26-1,인천광역시 강화군 남산리 324-1,37.7372303913,126.4847095405,2019-10,485.9,사무실(2)+프로그램실(2)+검사실(1)+가족카페(1)+대기실(1),1,2,5,11,강화군보건소,이강미,032-930-4057,,치매 무료 상담 및 무료치매검사 등,032-930-4001,인천광역시 강화군청,2020-09-18,3570000,인천광역시 강화군
용인시처인구치매안심센터,치매안심센터,경기도 용인시 처인구 중부대로 1199,경기도 용인시 처인구 삼가동 556,37.142626,127.103303,2007-08,281,사무실(1)+가족카페(1)+치료실(1)+검진실(1)+쉼터(1)+채움(1)+공감(1),1,7,2,작업치료사(2)+기타직군(3),경기도 용인시 처인구보건소,조순구,031-324-2700,,"무료치매검사, 치매예방프로그램 운영, 치매환자 및 가족프로그램 운영, 치매인식개선 사업 등",031-324-4473,처인구보건소,2019-04-10,4050000,경기도 용인시
용인시기흥구치매안심센터,치매안심센터,경기도 용인시 기흥구 신갈로58번길 11,경기도 용인시 기흥구 신갈동 60-3,37.272532,127.1070208,2018-09,321.5,사무실(1)+프로그램실(4)+상담실(1)+검진실(1),1,14,3,작업치료사 (5),경기도 용인시 기흥구보건소,양정원,031-324-6981,,"치매예방교실, 치매가족카페, 치매진단검사, 치매가족교실",031-324-6981,기흥구보건소,2019-04-10,4050000,경기도 용인시
용인시수지구치매안심센터,치매안심센터,"경기도 용인시 수지구 문정로20, 3층",,37.32263908,127.0962383,2018-11,588.46,사무실 (2)+교육실(3)+카페(1)+상담실(2)+진료실(2)+창고(2)+쉼터(1),1,13,4,작업치료사 (4) + 물리치료사(1) + 기타(1),용인시수지구보건소,이성순,031-324-8516,,"상담 및 등록관리사업, 치매조기검진 및 예방관리사업, 치매환자쉼터 운영사업, 치매가족 지원사업, 치매인식개선 및 교육 홍보사업, 치매안심마을 운영",031-324-8516,수지구보건소,2019-04-10,4050000,경기도 용인시
홍천군치매안심센터,치매안심센터,강원도 홍천군 홍천읍 신장대로5,강원도 홍천군 홍천읍 희망리,37.690212,127.876923,2017-12,,"사무실, 교육실,상담실",0,5,2,5,홍천군보건소,박보현,033-430-4033,,"치매조기검진, 등록,원격진료, 쉼터,가족모임,예방프로그램운영 등",033-430-4055,홍천군보건소,2019-04-23,4250000,강원도 홍천군
울주치매안심센터,치매안심센터,울산광역시 울주군 웅촌면 은현작동로 49,,35.4569102,129.1768128,2018-05,300.78,검진실(1)+상담실(2)+단기쉼터(1)+기억쉼터(1)+가족카페(1)+사무실(1)+교육실(1)+한방실(1)+강당(1)+운동치료실(1),1,10,2,작업치료사(2)+센터장(1)+담당(1),울주군보건소,최우영,052-204-2878,,"치매조기검진 및 진단검사, 치매안심마을 운영, 치매공공후견사업, 치매 상담 및 등록,  단기쉼터 운영, 치매예방프로그램 운영, 치매인식개선홍보 등",052-204-2798,울산광역시 울주군보건소,2021-09-30,6310000,울산광역시
평창군치매안심센터,치매안심센터,강원도 평창군 평창읍 종부로 61,강원도 평창군 평창읍 종부리 504,37.36049168,128.388852,2017-12,472,,0,4,6,3,평창군보건의료원,평창군수,033-330-4900,,"치매환자 쉼터프로그램, 치매가족헤아림프로그램, 치매예방인지재활프로그램, 치매재가환자방문인지재활프로그램",033-330-4830,평창군보건의료원,2021-09-15,4280000,강원도 평창군
김포시치매안심센터,치매안심센터,경기도 김포시 사우중로73번길 52(래미안프라자 4층),경기도 김포시 북변동 817(래미안프라자 4층),37.623046,126.7211346,2021-05,698.27,,2,10,1,"작업치료사2명, 기타1",김포시치매안심센터,최문갑,031-980-5032,,"1.치매선별검사, 2. 치매예방 및 인지저하 프로그램 운영, 3. 치매안심마을 운영, 4. 치매극복 선도학교 운영",031-980-5032,김포시보건소,2021-09-29,4090000,경기도 김포시
담양군치매안심센터,치매안심센터,전라남도 담양군 담양읍 완동길 10-5,전라남도 담양군 담양읍 만성리 116-1,35.32470339,126.9807889,2021-02,613.81,사무실+휴게실+진단실+치매쉼터+프로그램실+정신진단실+정신가족쉼터+창고+화장실1+화장실2+엘리베이터+홀/복도,1,7,3,5,담양군치매안심센터,김순복,061-380-3986,,치매상담 및 등록관리사업+일반조기검진사업+치매치료관리비지원+치매환자조호물품제공+배회가능어르신인식표발급+인지강화프로그램운영+치매예방교육운영+치매예방교실운영+치매환자쉼터프로그램운영+헤아림가족교실운영+치매파트너양성+치매극복선도단체양성+치매환자맞춤형사례관리사업,061-380-3968,담양군청,2021-09-29,4850000,전라남도 담양군
광양시 치매안심센터,치매안심센터,전라남도 광양시 광양읍 호북길 13-3,전라남도 광양시 광양읍 칠성리 898-3,34.980119,127.583648,2018-11,593,"검진실,프로그램실,까페,사무실,창고",1,6,1,,광양시보건소,이정희,061-797-4059,,"치매조기검진,치매가족자조모임,사례관리,인지강화프로그램",061-797-4122,광양시보건소,2021-09-28,4840000,전라남도 광양시
용산구치매안심센터,치매안심센터,서울특별시 용산구 녹사평대로 150,,37.5324394,126.9904783,2009-10,574.82,사무실(1)+교육실(1)+프로그램실(3)+신체계측실(1)+검진실(3)+진료실(1)+센터장실(1)+가족카페(1)+기억키움학교(1),1,9,5,작업치료사(3)+음악치료사(1),순천향대학교 서울병원,김성구,02-790-1541,2009-10-19,"조기검진사업, 치매환자등록관리사업, 치매환자쉼터 운영사업, 가족모임운영, 교육 및 인지프로그램운영, 치매예방관리사업, 홍보사업, 치매파트너 양성, 지역자원강화사업 등",02-2199-8082,용산구보건소,2021-09-15,3020000,서울특별시 용산구
동작구치매안심센터,치매안심센터,서울특별시 동작구 남부순환로 2025,서울특별시 동작구 사당동 1049-11,37.47643044,126.9736106,2009-08,922.8,"검진실, 프로그램실, 쉼터, 상담실 등",1,9,3,7,서울특별시 보라매병원,정승용,02-598-6088,2009-08-27,"치매환자 상담 및 등록관리, 치매조기검진, 치매예방관리, 치매환자쉼터운영, 치매가족지원, 치매인식개선및교육홍보, 치매안심마을운영",02-820-9443,서울특별시 동작구보건소,2021-09-28,3190000,서울특별시 동작구
장흥군보건소 치매안심센터,치매안심센터,전라남도 장흥군 장흥읍 동교1길 13,전라남도 장흥군 장흥읍 건산리 752-1,34.6770039,126.907038,2018-12,,"사무실, 상담실, 검진실, 프로그램실, 치매카페, 쉼터",0,3,3,3(작업치료사),장흥군보건소,박옥란,061-860-6498,,"치매예방 및 인식개선(교육, 홍보, 선도기관, 파트너양성)치매조기검진(선별, 진단,정밀)치매예방등록사업(상담 및 사례관리, 환자 및 가족 지원, 인지강화 프로그램, 에방교실), 치매안심마을 운영, 치매쉼터, 치매실종예방사업, 치매치료비 지원, 치매조호물품지원,치매지역사회 지원강화, 치매통합관리 정보시스템 구축 운영",061-860-6498,장흥군보건소,2021-09-29,4910000,전라남도 장흥군
봉화군치매안심센터,치매안심센터,경상북도 봉화군 봉화읍 봉화로 1203,경상북도 봉화군 봉화읍 내성리 285,36.89071878,128.7418543,2021-12,,치매환자쉼터(1)+보건지소치매환자쉼터(3)+치매가족카페(1)+프로그램실(1),2,5,3,"작업치료사(4),임상심리사(1)",봉화군 보건소,손병규,054-679-6791,,"치매상담 및 등록, 치매 조기검진, 치매환자 조호물품 지원, 치매환자 배회감지기 지원, 치매치료관리비 지원, 치매환자 맞춤형 사례관리, 치매환자쉼터(봉화,춘양,재산,명호) 운영, 치매보듬마을 조성사업, 치매인식개선 교육 및 홍보, 치매선도학교 및 서포터즈 운영, 치매보듬쉼터 운영, 치매예방 인지강화프로그램 운영, 치매안심병원 성과기반 인센티브 제공 시범사업 운영, 산림농업 치유프로그램 연계사업 운영",,경상북도 봉화군청,2021-10-17,5240000,경상북도 봉화군
여수시치매안심센터,치매안심센터,전라남도 여수시 신월로 794,전라남도 여수시 봉강동 323-11,34.73915914,127.7260493,2021-06,876.7,,0,16,4,9,여수시,이주리,061-659-5440,2019-06-12,"등록관리, 프로그램 운영 등",061-659-5440,전라남도 여수시,2021-10-15,6460000,전라남도
순천시치매안심센터,치매안심센터,전라남도 순천시 중앙로 232,전라남도 순천시 석현동 35-7,34.96667705,127.4860726,2021-09,738.8,,0,11,2,2,순천시,조영익,061-749-8888,2019-09-17,"치매선별검사, 인지재활프로그램 등",061-749-8888,전라남도 순천시,2021-10-15,6460000,전라남도
김제시 치매안심센터,치매안심센터,전라북도 김제시 성산길 138,전라북도 김제시 요촌동 423-2,35.8008084008,126.883339,2017-12,841.8,없음,1,7,2,작업치료사1임상심리사1기타보건인력6,김제시 보건소,김형희,063-540-4978,,인지재활프로그램인지강화프로그램쉼터카페제공치매치료비지원치매선별검사 및 진단검사 등,063-540-2743,김제시 보건소치매재활과,2019-04-18,4710000,전라북도 김제시
공주시치매안심센터,치매안심센터,충청남도 공주시 봉황로 123 공주시보건소 1층,충청남도 공주시 교동 120 공주시보건소 1층,36.4572932,127.1208348,2018-03,210,"상담실, 검진실, 쉼터, 가족카페",2,10,2,"작업치료사1, 임상심리사2, 담당 공무원2",공주시보건소,공주시보건소장(김대식),041-840-8811,2018-03-21,"1. 치매조기검진2. 치매노인 지문등록3. 치매치료관리비 지원4. 조호물품(위생물품) 제공5. 치매예방교실6. 인지강화교실7. 인지재활프로그램8. 기타 인지자극 프로그램9. 헤아림 가족교실10. 치매가족 힐링 프로그램11. 치매공공후견 사업12. 치매어르신주간보호소 운영(위탁)13. 치매안심마을 운영14. 치매인식 개선 및 교육, 홍보 사업15. 배회가능 어르신 인식표 발급 및 GPS 운영",041-840-8527,공주시보건소,2019-09-25,4500000,충청남도 공주시
세종특별자치시 치매안심센터(조치원),치매안심센터,세종특별자치시 조치원읍 수원지1길 16,,36.6072550614,127.300019556,2019-01,439,"사무실,프로그램실, 상담실",0,4,2,2,세종특별자치시보건소,권근용,044-301-2000,,"치매검진, 상담, 쉼터, 가족교실 프로그램 등 운영(기초)",044-301-2000,세종특별자치시보건소,2019-08-13,5690000,세종특별자치시
세종특별자치시 치매안심센터(어진동),치매안심센터,세종특별자치시 다솜1로 31,,36.5019041611,127.256616339,2019-06,439,"사무실,프로그램실,상담실, 검진실",0,4,2,1,세종특별자치시보건소,권근용,044-301-2000,,"치매검진, 상담, 쉼터, 가족교실 프로그램 등 운영(기초)",044-301-2000,세종특별자치시보건소,2019-08-13,5690000,세종특별자치시
세종특별자치시광역치매센터,광역치매센터,세종특별자치시 조치원읍 수원지1길 16,,36.6072550614,127.300019556,2017-03,439,"사무실,소회의실, 상담실, 대회의실, 체험관",1,2,2,2,충남대학교병원,김정란,044-861-8540,2016-12-02,"치매기획, 연구, 교육, 기술지원사업(광역)",044-300-5715,세종특별자치시청,2019-08-13,5690000,세종특별자치시
증평군치매안신셈터,치매안심센터,충청북도 증평군 증평읍 보건복지로 64-1,충청북도 증평군 증평읍 내성리 57-2,36.77424904,127.5867247,2018-08,117.7,,0,3,3,2,증평군보건소,연영미,043-835-4242,,"치매 기억력 검진, 치매환자 인지재활 프로그램, 치매환자 가족교실, 자조모임, 치매 예방교육, 치매안심마을 조성 등",043-835-4242,증평군보건소,2019-09-18,5570000,충청북도 증평군
구리시 치매안심센터,치매안심센터,"경기도 구리시 건원대로 34번길 84, 구리시보건소 4층",경기도 구리시 인창동 674-3,37.60477675,127.1450794,2021-03,330,,1,4,0,10,구리시보건소,최애경,031-550-8613,,"치매쉼터 운영, 치매조기검진, 치매조기검진, 인지재활프로그램 운영, 가족카페 운영",031-550-8311,구리시청,2021-07-26,3980000,경기도 구리시
치매안심센터,치매안심센터,충청남도 서천군 서천읍 사곡길 20-2,충청남도 서천군 서천읍 군사리 803,36.0817289,126.6887353,2017-11,906,사무실(1)+강당(1)+카페(1)+프로그램실(2),0,4,1,작업치료사(1),서천군보건소,김재연,041-950-6741,,"치매조기검진, 치매환자가족지원",041-950-4055,충청남도 서천군청,2021-07-12,4580000,충청남도 서천군
부여군 치매안심센터,치매안심센터,"충청남도 부여군 부여읍 성왕로 205, 부여군보건소 3층",충청남도 부여군 부여읍 구아리 136,36.283203,126.909461,2018-07,500,사무실(1)+검진실(1)+상담실(1)+프로그램실(3)+가족카페(1)+로비(1)+사랑방(1),1,7,3,작업치료사(1),충청남도 부여군보건소,김갑수,041-830-8735,,"치매노인 등록 및 관리, 치매노인 및 보호자에 대한 상담, 지원, 치매조기검진, 치매치료관리비 지원 및 치매환자 사례관리, 치매인지재활 프로그램, 치매가족교실 및 자조모임 등",041-830-8600,충청남도 부여군보건소,2021-07-15,4570000,충청남도 부여군
오산시치매안심센터,치매안심센터,경기도 오산시 경기동로59,경기도 오산시 오산동 25,37.159323,127.0778335,2018-07,320,사무실(1)+로비(1)+상담검진실(1)+쉼터(1)+프로그램실(1)+가족카페(1),1,8,1,임상심리사(2)+작업치료사(4)+행정(2),오산시보건소,고동훈,031-8036-6251,,"치매환자 등록관리, 치매조기검사, 치매극복의날 기념행사, 치매예방프로그램, 인지재활프로그램, 가족헤아림교실, 치매안심마을운영 등",031-8036-8036,오산시청,2021-07-06,4000000,경기도 오산시
사상구치매안심센터,치매안심센터,부산광역시 사상구 학감대로 242(감전동),부산광역시 사상구 감전동 138-8,35.15254918,128.9914565,2021-09,624.48,"사무실, 상담실, 진단실, 배움터, 쉼터, 가족교실, 가족카페",4,8,5,5,부산광역시 사상구보건소,안여현,051-310-3363,,"치매환자 등록 관리, 중증치매노인공공후견, 사례관리, 치매치료관리비 지원, 치매조기검진, 치매환자 쉼터 및 가족지원, 치매 인식 개선을 위한 홍보 캠페인 등",051-310-3363,부산광역시 사상구 사상구보건소,2021-06-30,3390000,부산광역시 사상구
고흥군 치매안심센터,치매안심센터,전라남도 고흥군 고흥읍 등암3길 5,전라남도 고흥군 고흥읍 등암리 1258-21,34.5919855,127.2692469,2021-12,330,"사무실, 프로그램실",0,4,1,2,고흥군보건소,이금임,061-830-6638,2018-01-02,치매검진 및 예방 교육 가족교실 및 인지강화교실 운영,061-830-6638,고흥군보건소,2021-10-19,4880000,전라남도 고흥군
구미시선산치매안심센터,치매안심센터,경상북도 구미시 선산읍 선주로 121,경상북도 구미시 선산읍 동부리 544-1,36.2441790368,128.2999490751,2019-01,272.38,사무실(1)+진료실(1)+프로그램실(1)+강당(1)+검사실(2)+가족카페(1),1,7,2,2,선산보건소,최현주,054-480-4351,,"무료치매검사, 환자쉼터, 인지강화교실운영, 치매 극복의 날 기념행사, 치매 홍보서포터즈 운영 등",054-880-3797,경상북도청,2021-06-28,5080000,경상북도 구미시
광진구치매안심센터,치매안심센터,서울특별시 광진구 긴고랑로 110 중곡종합건강센터 3층,서울특별시 광진구 중곡동 125-11 중곡종합건강센터 3층,37.55933917,127.0870892,2009-03,328.43,"사무실(1), 상담실(1), 검진실(2), 센터장실(1), 교육실(1), 인지프로그램실(1), 휴게실(1), 다용도실(1), 화장실(1)",1,7,3,5,건국대학교병원,문연실,02-450-1381,2009-02-01,"치매조기검진, 맞춤형 인지프로그램 운영, 사례관리, 조호물품 지원, 치매치료비지원, 치매공공후견사업, 기억키움쉼터 및 가족카페 운영",02-450-1966,광진구보건소,2021-06-23,3040000,서울특별시 광진구
부안군 치매센터,치매안심센터,전라북도 부안군 부안읍 오리정로 124,,35.72283463,126.7355916,2019-06,214.98,사무실(1)+프로그램실(1)+쉼터(1)+검진실(2)+상담실(1),0,7,3,심리상담사(1)+작업치료사(1),부안군 보건소,박현자,063-580-3066,,"무료치매검사, 진단검사 치매극복의 날 기념행사, 쉼터 운영등",,부안군청,2021-06-21,4790000,전라북도 부안군
영천시치매안심센터,치매안심센터,경상북도 영천시 옛군청 1길 31,경상북도 영천시 문내동 152-1,35.9687454982,128.9324014266,2018-11,614.39,"사무실, 진료실, 검진실, 상담실, 카페, 프로그램실",2,8,2,4,영천시보건소,최수영,054-339-7817,,"치매선별검사, 치매예방홍보, 치매서포터즈운영, 치매진단검사, 인지재활프로그램 운영, 치매치료관리비 지원, 치매대상자 사례관리, 치매대상자 실종예방 배회인식표 발급 및 지문등록",054-339-7817,영천시보건소,2021-06-16,5100000,경상북도 영천시
경기도 평택보건소,치매안심센터,"경기도 평택시 중앙1로56번길 25, 2층",경기도 평택시 비전동 631,36.99625263,127.0891929,2019-02,657,"사무실,프로그램실,상담실,교육실,가족카페 등",5,3,0,"센터장1, 팀장2, 작업치료사5, 임상심리사1",경기도 평택시청 평택보건소,평택보건소장,031-8024-4405,,"치매조기검진사업, 치매예방교육 및 인지재활, 가족프로그램 운영 등",031-8024-4405,경기도 평택시청 평택보건소,2021-08-10,3910000,경기도 평택시
경기도 송탄보건소,치매안심센터,경기도 평택시 경기대로 1366,경기도 평택시 서정동 800,37.06580985,127.065044,2017-12,778,"사무실(2),프로그램실(6), 가족카페 등",7,3,0,"센터장1, 부센터장1, 팀장1, 작업치료사1, 행정1",경기도 평택시청 송탄보건소,송탄보건소장,031-8024-7300,,"치매조기검사사업, 치매예방교육 및 인지재활, 가족프로그램 운영 등",031-8024-7300,경기도 평택시청 송탄보건소,2021-08-10,3910000,경기도 평택시
영광군치매안심센터,치매안심센터,전라남도 영광군 영광읍 신남로4길 17,전라남도 영광군 영광읍 남천리 326,35.274681,126.504163,2021-03,298,안내실(1)+상담실(2)+쉼터(1)+가족모임터(1)+작업치료실(1)+회의실(1)+사무실(1)+진료실(2)+교육실(1)+프로그램실(1),1,6,3,3,영광군보건소,홍성후,061-350-4806,,"치매예방교실, 인지강화교실, 쉼터운영,  치매환자가족모임및 지원등",061-350-5552,영광군,2021-08-06,4970000,전라남도 영광군
전라남도광역치매센터,광역치매센터,전라남도 순천시 순광로 221,전라남도 순천시 조례동 1742,34.96375005,127.542936,2021-10,465,,1,1,5,2,전라남도,김영록,061-286-6041,2021-01-01,"치매관련 자원 발굴, 치매 연구·통계",061-726-6981,성가롤로병원,2021-10-15,6460000,전라남도
목포시치매안심센터,치매안심센터,"전라남도 목포시 수문로 32, 트윈스타 3층 목포시치매안심센터(남교동)",전라남도 목포시 남교동 164,34.7931322,126.3829337,2021-04,1048,,0,10,3,7,목포시,박호빈,061-270-4271,2018-04-13,"등록관리, 프로그램 운영 등",061-270-4271,전라남도 목포시,2021-10-15,6460000,전라남도
아산시치매안심센터,치매안심센터,충청남도 아산시 번영로 216번길 18,충청남도 아산시 모종동 574-1,36.78291637,127.0140673,2018-11,720,"쉼터, 가족카페",0,13,0,5,아산시,구본조,041-537-3474,,"쉼터운영(인지재활,인지강화,치매예방프로그램)",041-537-3474,아산시,2020-06-05,4520000,충청남도 아산시
영양군치매안심센터,치매안심센터,"경상북도 영양군 영양읍 동서대로 82, 3층 치매안심센터",경상북도 영양군 영양읍 동부리 164-1,36.66194441,129.1180656,2019-10,372.03,"사무실, 프로그램실, 검진실, 진단실, 화장실(3),상담실, 가족카페,창고",0,5,2,1,영양군보건소,장여진,054-680-5100,2019-10-14,"치매조기검진 및 등록사업, 사례관리, 치매치료관리비 지원, 조호물품제공, 치매환자쉼터 및 가족카페 운영, 치매인식개선 및 교육홍보, 치매어르신 실종예방 사업 등",054-680-5114,영양군보건소,2020-12-26,5170000,경상북도 영양군
부평구치매안심센터,치매안심센터,인천광역시 부평구 부흥로291 보건소4층,인천광역시 부평구 부평4동 442-1,37.498858,126.724244,2016-09,207,사무실(1)+프로그램실(1)+상담실(2),1,24,1,3,인천광역시 부평구보건소,박영애,032-509-1308,,"치매조기선별검진,진단검사,인지건강프로그램운영등",032-509-1308,인천광역시 부평구보건소,2021-07-14,3540000,인천광역시 부평구
부천시치매안심센터,치매안심센터,경기도 부천시 길주로 410,경기도 부천시 춘의동 163-7,37.503631207,126.788020328,2019-12,98.72,,2,14,3,2,부천시보건소,이선숙,032-625-4423,,"치매환자의 등록·관리,  치매의 예방·교육 및 홍보, 치매조기검진",032-625-4423,경기도 부천시청,2021-07-29,3860000,경기도 부천시
함평군보건소,치매안심센터,전라남도 함평군 함평읍 중앙길 54-8,전라남도 함평군 함평읍 기각리 253,35.061896,126.524248,2020-11,382,"사무실(1), 검진실(2), 상담실(1), 가족카페(1), 프로그램실(2)",0,9,1,2,함평군보건소,정명희,061-320-2390,,"치매조기검진, 치매예방교실, 인지향상프로그램,  치매치료관리비지원, 치매환자등록관리, 실종예방사업 등",061-320-2518,함평군보건소,2021-07-14,4960000,전라남도 함평군
종로구 치매안심센터,치매안심센터,서울특별시 종로구 평창문화로 50,서울특별시 종로구 평창동 235-2,37.60542184,126.9669268,2021-06,475.52,사무실(1)+가족카페(1)+기억키움학교(1)+프로그램실(1)+진료실(1)+검진실(2)+강당(1)+서고(1)+화장실(4),1,4,4,팀장(1)+작업치료사(4)+운동사(1)+임상심리사(1),서울대학교병원,박지은,02-3675-9001,2021-01-01,"치매예방 및 인식개선사업,치매조기검진 사업,치매예방등록관리 사업,저소득층 치매치료비 및 원인확진검사비 지원 사업,치매지역사회자원강화 사업 등",02-2148-3603,서울특별시 종로구보건소,2021-07-07,3000000,서울특별시 종로구
울산광역시 동구보건소 치매안심센터,치매안심센터,울산광역시 동구 봉수로 155,울산광역시 동구 화정동 222,35.5050697141,129.4164300357,2018-08,615.32,"진단실(2),쉼터,교육실,음악실,감성실,요리실",1,5,2,작업치료사 3명,울산광역시 동구보건소,신수진,052-209-4060,,"쉼터 운영,인지강화 및 인지재활 프로그램,힐링프로그램,자조모임",052-209-4060,울산광역시 동구보건소,2021-09-30,6310000,울산광역시
울산광역시남구치매안심센터,치매안심센터,울산광역시 남구 삼산중로 132,울산광역시 남구 삼산동 1538-4,35.54535759,129.3363268,2019-03,997.14,사무실(1)+검진실(1)+상담실(3)+심리안정실(1)+인지체험관(1)+쉼터(1)+교육실(1),1,15,1,"임상심리사 1, 작업치료사 3",남구보건소,박혜경,052-226-2323,,"상담 및 등록관리사업,조기검진사업,쉼터운영사업,가족지원사업,치매인식개선홍보사업",052-226-2451,울산광역시 남구보건소,2021-09-30,6310000,울산광역시
울산중구치매안심센터,치매안심센터,울산광역시 중구 외솔큰길 225,울산광역시 중구 남외동 603-2,35.5694483,129.3504562,2020-10,259.9,사무실(1)+상담실(2)+교육실(1)+프로그램실(1)+가족카페(1)+검진실(1),0,10,1,작업치료사(2),울산광역시 중구보건소,황병훈,052-290-4366,,"무료치매선별검사, 치매예방 인지건강프로그램, 치매예방 가족교육 등",052-290-4362,울산광역시 중구 보건소,2021-09-30,6310000,울산광역시
연천군치매안심센터,치매안심센터,경기도 연천군 전곡읍 은대성로 95,경기도 연천군 전곡읍 은대리 577-36,38.02353445,127.0609628,2021-07,450,사무실(1)+프로그램실(1)+검사실(2)+상담실(1)+쉼터(1)+창고(1)+다용도실(1)+가족카페(1),0,3,2,1,연천군보건의료원,최병용,031-839-4165,,"치매조기검진, 치매치료비지원, 치매예방관리사업 등",031-839-4065,경기도 연천군 보건의료원,2021-11-08,4140000,경기도 연천군
남동구보건소치매안심센터,치매안심센터,인천광역시 남동구 소래로 633,,37.4473902,126.7306784,2018-12,,,2,22,4,5,남동구보건소,최성옥,032-453-5913,,"치매예방교육, 인지강화 프로그램, 쉼터 프로그램, 찾아가는 치매예방교육 및 선별검사",032-453-5914,치매정신건강과,2021-12-02,3530000,인천광역시 남동구
동두천시치매안심센터,치매안심센터,경기도 동두천시 중앙로 167,경기도 동두천시 생연동 714-10,37.89661147,127.051717,2019-12,710,사무실(1)+교육실(1)+치매환자쉼터(1)+상담실(2)+가족카페(1),1,5,3,2,동두천시 보건소,이승찬,031-860-3395,,"치매조기검사(선별검사,진단검사,감별검사),치매예방교육,인지강화프로그램, 치매환자및가족지원프로그램 등",031-860-3395,경기도 동두천시청 보건소,2021-12-01,3920000,경기도 동두천시
의령군치매안심센터,치매안심센터,경상남도 의령군 의령읍 의병로8길 16-1,경상남도 의령군 의령읍 서동리 534,35.31740278,128.2554461,2020-07,67195,사무실(1)+상담실(1)+검진실(1)+진료실(1)+쉼터(1)+가족카페(1)+프로그램실(1),0,9,1,5,의령군보건소,성미자,055-570-4072,,"치매환자쉼터, 치매예방교실, 맞춤형 사례관리",055-570-4072,경상남도 의령군청,2021-11-26,5390000,경상남도 의령군
북구 치매상담센터,치매안심센터,부산광역시 북구 금곡대로 348,부산광역시 북구 화명동 1531-4,35.239295,129.014415,2017-12,557,상담실,2,9,2,2,북구보건소,이정화,051-309-7032,,"치매조기검진, 치매치료비지원, 인지재활프로그램 및 가족교육 등",051-309-7032,북구보건소,2021-11-25,3320000,부산광역시 북구
나주시 치매안심센터,치매안심센터,전라남도 나주시 풍물시장2길 57-32,전라남도 나주시 이창동 740-1,34.9952282504,126.7082249081,2018-11,827,진료실+상담실+치매환자쉼터+가족카페,1,8,3,작업치료사(4),나주시,이채주,061-339-4786,,"치매 예방 프로그램, 인지강화 프로그램, 치매환자 쉼터 운영, 치매환자 가족 교실 운영",061-339-4762,나주시 보건소,2019-09-30,4830000,전라남도 나주시
도봉구치매지원센터,치매상담전화센터,서울특별시 도봉구 마들로 650,"서울특별시 도봉구 방학동720-33호,도봉월드상가 4층",37.6680283466,127.0470649989,2008-02,701.96,"상담실1, 검진실3, 프로그램실3, 사무실1",1,6,2,2,도봉병원,오승용,02-955-3591,2017-01-01,"치매환자의 등록·관리, ?치매의 예방·교육 및 홍보, 치매조기검진",02-2091-4562,서울특별시 도봉구보건소,2019-09-30,3090000,서울특별시 도봉구
광명시치매안심센터,치매안심센터,경기도 광명시 오리로 613,경기도 광명시 하안동 230번지 광명시립노인요양센터 1층,37.4554109876,126.8781638584,2013-11,158.38,사무실(1)+프로그램실(1)+협력의사상담실(1)+상담실(1),1,10,1,작업치료사(1)+보건직(1),광명시치매안심센터,이현숙,02-2680-6546,2019-01-01,"치매조기검진, 치매극복의날 기념행사, 치매서포터즈양성, 치매안심마을 운영, 치매인지프로그램운영 등",02-2680-6546,광명시 보건소,2020-12-14,3900000,경기도 광명시
진도군치매안심센터,치매안심센터,전라남도 진도군 진도읍 남동1길 40-9,전라남도 진도군 진도읍 남동리 776-26,34.480308,126.2629491,2018-01,,,0,9,0,2,진도군보건소,박병애,061-540-6065,,"치매조기검진 및 등록관리, 인지건강프로그램 등",061-540-6065,진도군보건소,2020-11-25,5000000,전라남도 진도군
서구치매안심센터,치매안심센터,부산광역시 서구 구덕로 127,부산광역시 서구 토성동5가 56-4,35.09633258,129.022058,2020-02,,,1,10,1,작업치료사(3)+임상심리사(2)+운동처방사(1),서구보건소,허재원,051-240-4912,,"치매조기검진, 등록관리, 인지향상교육, 의료비지원, 지역자원연계, 치매예방교육 및 인식개선사업 등",051-240-4912,서구보건소,2021-10-12,3260000,부산광역시 서구
강원도동해시치매안심센터,치매안심센터,강원도 동해시 발한로 227 1층,강원도 동해시 발한동 17-9,37.5495162,129.1081409,2018-09,540,"운동치료실,검사실,쉼터교실,헤아림교실,가족카페",0,8,2,1,강원도동해시치매안심센터,홍성정,033-530-2426,,"조기검진 및 상담, 치매치료관리비지원, 조호물품지원, 치매환자교실운영, 치매가족교실운영, 가족카페운영",033-530-2401,강원도 동해시보건소,2021-10-08,4210000,강원도 동해시
장수치매정신통합센터,치매안심센터,"전라북도 장수군 장수읍 장천로 255-10, 2층",전라북도 장수군 장수읍 노하리 360-2,35.65513121,127.5191364,2020-11,427.92,"가족카페, 프로그램실, 쉼터, 상황실, 검진실, 사무실",1,3,4,2,보건의료원,유봉옥,063-350-2611,,"상담 등록서비스, 치매조기검진서비스. 치매치료관리비 지원, 조호물품 지원, 맞춤형 사례관리 서비스,치매환자 쉼터 프로그램 운영, 치매환자 가족지원서비스, 치매예방관리사업, 치매인식개선사업",063-350-2670,보건사업과,2021-10-12,4750000,전라북도 장수군
고흥군치매안심센터,치매안심센터,전라남도 고흥군 고흥읍 등암3길 5,전라남도 고흥군 등암리 1258-21,34.5919855,127.2692469,2021-06,466,,0,8,2,5,고흥군,김영옥,061-830-6969,2019-06-14,"조기검진,치매관리",061-830-6969,전라남도 고흥군,2021-10-15,6460000,전라남도
보성군치매안심센터,치매안심센터,전라남도 보성군 보성읍 갱맹골길 206,전라남도 보성군 보성읍 주봉리 529,34.76645647,127.0712437,2021-11,344,,2,7,1,4,보성군,김미자,061-850-8695,2018-11-22,"조기검진, 치매등록, 쉼터, 인지강화교실 등",061-850-8695,전라남도 보성군,2021-10-15,6460000,전라남도
화순군치매안심센터,치매안심센터,전라남도 화순군 화순읍 충의로 40,전라남도 화순군 화순읍 삼천리 701,35.05539364,126.9820968,2021-03,338.6,,2,6,2,3,화순군,김인아,061-379-5317,2019-03-21,"치매조기검진, 프로그램 운영 등",061-379-5317,전라남도 화순군,2021-10-15,6460000,전라남도
장흥군치매안심센터,치매안심센터,전라남도 장흥군 동교1길 13,전라남도 장흥군 장흥읍 건산리 752-1,34.67707296,126.9070034,2021-12,335,,0,3,3,7,장흥군,박옥란,061-860-6498,2018-11-15,"등록관리, 조기검진, 프로그램 운영 등",061-860-6498,전라남도 장흥군,2021-10-15,6460000,전라남도
강진군치매안심센터,치매안심센터,전라남도 강진군 강진읍 목리길 11,전라남도 강진군 강진읍 동성리 66-3,34.63833623,126.7757100266,2021-09,399,,0,6,2,3,강진군,서현미,061-430-5942,2019-09-20,"등록관리, 치매조기검진, 프로그램 운영 등",061-430-5942,전라남도 강진군,2021-10-15,6460000,전라남도
해남군치매안심센터,치매안심센터,전라남도 해남군 해남로 46,전라남도 해남군 해남읍 해리 187-2,34.600073,126.599957,2021-12,872.1,,1,6,1,5,해남군,조준영,061-531-3703,2019-12-03,"치매환자쉼터, 가족교실, 치매예방 및 인지강화교실",061-531-3703,전라남도 해남군,2021-10-15,6460000,전라남도
영암군치매안심센터,치매안심센터,전라남도 영암군 오리정길 39,전라남도 영암군 영암읍 춘양리 527-1,34.79533941,126.7033414,2021-03,390,,1,9,2,2,영암군,이국선,061-470-6030,2019-03-26,"쉼터, 안심마을",061-470-6030,전라남도 영암군,2021-10-15,6460000,전라남도
무안군치매안심센터,치매안심센터,전라남도 무안군 무안읍 불무로 38-9,전라남도 무안군 무안읍 교촌리 127-10,34.98830267,126.4735676,2021-12,310.4,,0,7,2,5,무안군,박홍근,061-450-5067,2018-12-26,"치매조기검진, 상담 및 등록관리, 프로그램운영 등",061-450-5067,전라남도 무안군,2021-10-15,6460000,전라남도
함평군치매안심센터,치매안심센터,전라남도 함평군 함평읍 중앙길 54-8,전라남도 함평군 함평읍 기각리 253,35.0618959,126.524249,2021-10,383,,1,11,1,2,함평군,정명희,061-320-2507,2018-10-05,"치매조기검진, 쉼터운영 등",061-320-2507,전라남도 함평군,2021-10-15,6460000,전라남도
통영시 치매센터,치매안심센터,경상남도 통영시 안개4길 102(무전동),경상남도 통영시 무전동 401-1,34.85979047,128.4323385,2019-09,310.77,사무실,0,8,1,8,경상남도 통영시,강석주,055-650-6100,,"조기치매검진, 치매환자상담및등록관리, 고위험군집중검진및등록관리, 파트너선도단체양성, 인식개선및홍보, 사례관리운영, 인지강화교실운영, 쉼터운영, 기족교실운영, 치매환자실종예방, 관리비지원, 정밀진단비지원",055-650-6092,경상남도 통영시,2022-01-21,5330000,경상남도 통영시
철원군 치매안심센터,치매안심센터,강원도 철원군 갈말읍 군탄로 16,강원도 철원군 갈말읍 군탄리 960-2,38.1481314,127.3025602,2020-12,381,사무실+프로그램실+회의실+상담실+검진실+가족카페,0,3,3,7,철원군 보건소,심인구,033-450-5550,,치매상담 및 등록치매조기검진사업치매예방교실치매환자쉼터치매가족교실치매치료비지원치매환자조호물품지원치매인식개선사업 등,033-450-5550,철원군보건소,2020-11-23,4300000,강원도 철원군
거제시 치매안심센터,치매안심센터,경상남도 거제시 거제중앙로 13길 25,"경상남도 거제시 고현동 159-11, 12",34.88218472,128.6236992,2018-12,959.22,,0,16,2,2,거제시보건소,반명국,055-639-6226,,치매환자 등록 및 관리/ 치매조기검진 / 치매예방교육 및 인식개선/ 치매가족교육 및 자조모임/쉼터프로그램운영,055-639-6200,경상남도 거제시 보건소,2022-02-09,5370000,경상남도 거제시
계룡시 치매센터,치매안심센터,충청남도 계룡시 장안로 54,충청남도 계룡시 금암동 10,36.2730058,127.250047,2018-01,165,,0,3,1,3,계룡시보건소,손병임,042-840-3681,,무료치매검사,,계룡시청,2020-10-01,5580000,충청남도 계룡시
울주치매안심센터,치매안심센터,울산광역시 울주군 웅촌면 은현작동로 49,울산광역시 울주군 웅촌면 검단리 1091-19,35.45690394,129.176837,2021-05,300.78,검진실(1)+상담실(2)+단기쉼터(1)+기억쉼터(1)+가족카페(1)+사무실(1)+교육실(1)+요리치료실(1)+강당(1)+운동치료실(1),1,11,2,작업치료사(1)+임상병리사(1),울주군보건소,문숙희,052-204-2771,,"치매조기검진 및 진단검사, 치매안심마을 운영, 치매공공후견사업, 치매 상담 및 등록,  단기쉼터 운영, 치매예방프로그램 운영, 치매인식개선홍보 등",052-204-2798,울산광역시 울주군보건소,2021-08-13,3730000,울산광역시 울주군
만안치매안심센터,치매안심센터,경기도 안양시 만안구 문예로 48 (6층),경기도 안양시 만안구 안양동 532-1,37.38589781,126.9329448,2019-04,406.8,"사무실,쉼터,프로그램실,검진실,가족카페등",1,7,1,"작업치료사(2), 기타(1)",만안구보건소,신정원,031-8045-3180,,"무료치매검사,쉼터운영, 치매극복의날 기념행사등",,안양시만안구보건소,2021-08-19,3830000,경기도 안양시
동안치매안심센터,치매안심센터,경기도 안양시 동안구 관악대로 375,경기도 안양시 동안구 관양동 1432-15,37.40478889,126.9645303,2019-11,891.25,"사무실,쉼터,프로그램실,검진실,가족카페등",1,9,1,"작업치료사(2), 기타(2)",동안구보건소,조병채,031-8045-6801,,"무료치매검사,쉼터운영, 치매극복의날 기념행사등",,안양시동안구보건소,2021-08-19,3830000,경기도 안양시
홍성군치매안심센터,치매안심센터,충청남도 홍성군 홍성읍 문화로 106,충청남도 홍성군 홍성읍 오관리 474-7,36.59664192,126.6630613,2021-11,498,"사무실,검진실,프로그램실,가족카페,쉼터",1,15,2,5,홍성군보건소,이종천,041-630-9076,,등록+조기검진+인지재활+강화프로그램,041-630-2588,홍성군치매안심센터,2021-07-31,4600000,충청남도 홍성군
과천시치매안심센터,치매안심센터,"경기도 과천시 관문로 69, 보건소 별관1층",경기도 과천시 중앙동 1-3 과천시 보건소 별관 1층,37.4302006662,126.9867942544,2020-07,283.8,"사무실(1),검진실(1),상담실(1)쉼터(1),가족카페(1),회의실(1),화장실(2)",1,3,1,"팀장1,작업치료사4",과천시치매안심센터,김향희,02-2150-3572,,"상담 및 등록관리,치매조기검진, 쉼터 운영, 치매예방관리사업, 치매가족지원, 치매지원관리(사례관리, 조호물품, 실종예방), 치매치료관리비지원, 공공 후견인사업, 치매인식개선 홍보",02-2150-3811,경기도 과천시보건소,2021-08-05,3970000,경기도 과천시
광산구치매안심센터,치매안심센터,광주광역시 광산구 용아로379번길 77(산정동) 치매안심센터 1층,광주광역시 광산구 산정동 1033,35.17615122,126.800243,2019-12,520.44,사무실+프로그램실+상담실,0,15,2,2,광주광역시 광산구 보건소,김옥현,062-960-6930,,"치매조기검진, 치매인지프로그램, 치매환자가족 자조모임, 치매인식개선 홍보 등 치매통합서비스 제공",062-960-6930,광주광역시 광산구 보건소,2021-07-09,3630000,광주광역시 광산구
서대문구치매안심센터,치매안심센터,서울특별시 서대문구 연희로 290,서울특별시 서대문구 홍은동 425-3,37.58292782,126.9364457,2019-12,417.37,"음악치료실, 미술치료실, 검진실",1,10,5,7,서대문구 치매지원센터,하정희,02-379-0183,2019-02-01,"힐링건강교실, 실버아카데미, 치매가족교육",02-330-1738,서대문구보건소,2021-08-01,3120000,서울특별시 서대문구
순천시치매안심센터,치매안심센터,전라남도 순천시 중앙로 232,전라남도 순천시 석현동 35-6,34.966691,127.4860721,2021-09,454.85,"1층(검진실2,다목적실,돌봄실,가족카페,비품실,진단실,기억PC방,청춘운동실)2층(사무실,기억친구실,가족교실,두뇌놀이터,문서고)",0,11,2,2,순천시 보건소,보건소장 조영익,061-749-8888,,"인지재활프로그램, 기억력 검사 등",061-749-3101,순천시 보건소,2021-07-21,4820000,전라남도 순천시
성주군치매안심센터,치매안심센터,경상북도 성주군 성주읍 성밖숲길12,경상북도 성주군 성주읍 경산리 436-1,35.917407,128.2785293,2018-09,333.4,보건소건강증진센터2층,0,2,7,9,성주군보건소,김명순,054-930-8191,,인지강화및치매환자교실 운영 등,054-930-8271,성주군보건소,2020-07-15,5210000,경상북도 성주군
함안군 치매안심센터,치매안심센터,경상남도 함안군 군북면 함마대로 768-3,경상남도 함안군 군북면 중암리 106,35.2639061,128.3428857,2018-05,515.13,사무실(1)쉼터(1)상담실(1)검진실(1)가족카페(1),1,10,1,2,경상남도 함안군,강경희,055-580-3202,,치매예방교육조기검진사업치매환자 등록관리치매치료관리비 지원인지재활프로그램치매환자가족교육,055-580-3202,함안군보건소,2020-07-07,5400000,경상남도 함안군
영월군 치매안심센터,치매안심센터,강원도 영월군 영월읍 하송로 46-43,,37.18544643,128.461674,2018-08,462,사무실+진료실+검진실+상담실+교육실+쉼터(프로그램실)+카페,1,5,2,작업치료사(2),영월군보건소,손영희,033-370-2556,,"인지재활프로그램, 가족교실운영(헤아림)",033-370-2556,영월군청,2020-01-01,4270000,강원도 영월군
구례군치매안심센터,치매안심센터,"전라남도 구례군 구례읍 동편제길 30, 보건의료원","전라남도 구례군 구례읍 백련리 576 ,구례군 보건의료원",35.2160728417,127.4617801019,2018-12,437,검진실(1)+진료실(1)+사무실(1)+가족카폐(1)+프로그램실(1)+가족교실(1),1,5,3,2,구례군보건의료원,김형진,061-780-2023,2018-12-07,"치매쉼터프로그램, 치매예방교실, 인지강화 교실",061-780-2006,구례군 보건의료원,2021-10-31,4870000,전라남도 구례군
옹진군치매안심센터,치매안심센터,인천광역시 옹진군 백령면 백령로 833번길 26-29,인천광역시 옹진군 백령면 북포리 522-6,37.95793845,124.6647433,2019-09,226.11,"프로그램실, 가족카페 등",0,1,1,2,옹진군보건소,이현승,032-899-3670,,"쉼터, 치매예방, 인지강화교실",032-899-3670,옹진군보건소,2021-11-04,3580000,인천광역시 옹진군
영암군치매안심센터,치매안심센터,전라남도 영암군 영암읍오리정길39,전라남도 영암군 영암읍 춘양리 525번지,34.79533941,126.7033414,2021-03,439.01,영암군보건소,0,9,2,2,치매안심센터,이국선,061-470-6030,,"치매환자 쉼터, 치매예방교실인지강화교실",061-470-6525,영암군보건소,2021-10-29,4940000,전라남도 영암군
예천군치매안심센터,치매안심센터,경상북도 예천군 예천읍 군청길 33,경상북도 예천군 예천읍 노상리 125-1,36.65769827,128.4529801,2020-12,350,사무실(2)+프로그램실(2)+검진실(1)+상담실(1),0,11,2,작업치료사(1),예천군보건소,윤귀희,054-650-8100,,"치매조기검진, 치매등록,치매환자쉼터, 인지강화교실, 치매예방교실, 치매예방교육, 치매서포터즈 및 치매극복선도단체 양성, 치매보듬마을 운영, 우리마을예쁜치매쉼터운영, 치매환자사례관리, 치매환자가족교실,자조모임운영,치매치료관리비지원, 조호물품제공, 배회인식표 및 지문인기 등록, 치매극복 전국걷기행사, 치매극복의날 기념 행사,치매관사업 DB자료 등록 및 분석",054-650-8100,경상북도 예천군 보건소,2021-11-02,5230000,경상북도 예천군
울산광역시 동구보건소 치매안심센터,치매안심센터,울산광역시 동구 봉수로 155,울산광역시 동구 화정동 222,35.505086,129.4164300357,2018-08,615.32,"진단실(2),쉼터,교육실,음악실,감성실,요리실",1,5,1,"작업치료사 3명, 물리치료사 1명, 임상병리사 1명",울산광역시 동구보건소,신수진,052-209-4060,,"쉼터 운영,인지강화 및 인지재활 프로그램,힐링프로그램,자조모임",052-209-4060,울산광역시 동구보건소,2021-11-01,3710000,울산광역시 동구
원주시치매안심센터,치매안심센터,강원도 원주시 지니기길 11-20,강원도 원주시 무실동 산140-1,37.32470828,127.924847,2021-01,295468,,0,14,0,10,원주시보건소(치매안심과),이미나,033-737-4541,,치매조기검사,033-737-4541,강원도 원주시청,2021-10-29,4190000,강원도 원주시
연수구치매안심센터,치매안심센터,인천광역시 연수구 예술로20번길 15,인천광역시 연수구 선학동 100-2,37.4357471,126.699593,2021-11,395,"사무실3, 교육상담실1, 검진실1, 프로그램실1, 카페1, 어르신사랑방1",0,16,1,"작업치료사2, 보건직1",연수구보건소,김*운,032-749-8966,,"무료치매검진, 등록관리, 교육홍보,인지개선프로그램, 가정방문(사례관리), 치매치료비 지원 등",032-749-8966,인천광역시 연수구보건소,2021-10-25,3520000,인천광역시 연수구
서구 치매안심센터,치매안심센터,광주광역시 서구 운천로172번길 32(쌍촌동),광주광역시 서구 쌍촌동 1003-3,35.1481692,126.8601743,1997-01,217,,0,11,1,3,광주광역시 서구 상무금호보건지소,변혁석,062-350-4759,,"치매조기검진, 치료관리비 지원, 실종예방 인식표 보급, 치매 인식 개선 홍보 캠페인 등",062-350-4759,광주광역시 서구 상무금호보건지소,2021-10-28,3600000,광주광역시 서구
영동군치매안심센터,치매안심센터,충청북도 영동군 영동읍 반곡동길 7,충청북도 영동군 영동읍 매천리 444-1,36.16849628,127.7759673,2018-12,488,"쉼터, 카페, 교육실, 프로그램실, 사무실, 상담실, 검진실",1,4,3,5,영동군보건소,오준용,043-740-5941,,치매예방교실  인지강화교실,043-740-5941,영동군보건소,2021-10-20,4440000,충청북도 영동군
경상북도 광역치매센터,광역치매센터,경상북도 경주시 동대로 87 동국대학교경주병원 5층,경상북도 경주시 석장동 1090-1,35.85850364,129.1928772,2013-12,267,"사무실 1,회의실 1,상담실 1, 교육실 2",1,3,3,작업치료사 3,동국대병원,곽경필,054-777-6400,,치매관리사업기획교육사업진단 및 조호인프라 구축연구 및 지역특화사업대국민인식개선사업,054-880-3804,경상북도,2021-10-27,6470000,경상북도
군위군치매안심센터,치매안심센터,경상북도 군위군 군위읍 군청로 70,경상북도 군위군 군위읍 동부리 676-3,36.2296599815,128.5699045819,2020-12,,,0,7,2,1,경북도립노인전문요양병원,염진호,054-851-6000,,"조기검진, 상담및등록, 조호물품제공, 치매환자쉼터 운영 등",,군위군청,2021-10-26,5140000,경상북도 군위군
당진시치매안심센터,치매안심센터,충청남도 당진시 서부로 56,충청남도 당진시 채운동 1004,36.88735969,126.6304725,2021-12,831,5,0,9,4,6,당진시보건소,이인숙,041-360-6075,,"치매조기검진, 사랑채, 쉼터, 권역별쉼터, 고대안심마을, 가족지원, 치매인식개선, 치매파트너",041-360-6075,당진시보건소,2021-10-26,5680000,충청남도 당진시
서초구치매안심센터,치매안심센터,"서울특별시 서초구 염곡말길 9, 4층(염곡동, 내곡느티나무쉼터)",서울특별시 서초구 염곡동 180-2,37.46182487,127.0506972,2008-09,801.12,사무실(1)+검진실(3)+교육상담실(1)+프로그램실(2)+쉼터기억키움학교(1)+교육실(1)+인지카페(1)+안심하우스(1)+준비실(1),1,8,6,작업치료사(6),가톨릭대학교서울성모병원,주수현,02-591-1833,2019-01-01,"무료치매검사, 고도화장비기반 치매검사, 인지건강프로그램, 치매환자 가족교육 및 지지프로그램, 안심하우스 및 기억키움학교 운영, 치매 홍보서포터즈 운영 등",02-2155-8081,서울특별시 서초구보건소,2021-10-22,3210000,서울특별시 서초구
제천시치매안심센터,치매안심센터,충청북도 제천시 의림대로 242,충청북도 제천시 청전동 110,37.1493417043,128.2160864969,2016-09,378,사무실(1)+교육실(1)+가족카페(1)+상담실(1)+검진실(3),1,9,2,"작업치료사(3), 임상심리사(1),치위생사(1)",제천시보건소,윤용권,043-641-3058,,"무료치매조기검진, 치매예방 및 인지재활 프로그램, 치매환자지원(치료비, 조호물품 등) 및 치매파트너 양성 등",,제천시보건소,2021-10-20,4400000,충청북도 제천시
부산진구치매안심센터,치매안심센터,부산광역시 부산진구 새싹로253,부산광역시 부산진구 초읍동 278-8,35.178777,129.0475494,2018-12,548.48,,0,12,7,2,부산진구청,서은숙,051-605-6107,,"치매조기검진, 치매대상자 등록관리, 치매치료관리비지원, 치매인식개선 및 홍보 등",051-605-6107,부산진구보건소,2021-10-14,3290000,부산광역시 부산진구
전라북도광역치매센터,광역치매센터,전라북도 전주시 덕진구 견훤로 393 2층,,35.846046,127.152587,2013-12,,,1,2,2,정신건강임상심리사(1)+작업치료사(3),마음사랑병원,정운진,063-247-6082,,"치매관리사업 계획 및 치매연구치매안심센터 및 노인복지시설 기술지원치매관련 종사인력에 대한 교육, 훈련 치매환자 및 가족에 대한 치매의 예방 교육 및 홍보 등",,전라북도청,2021-10-25,6450000,전라북도
곡성군치매안심센터,치매안심센터,전라남도 곡성군 곡성읍 곡성로854,전라남도 곡성군 곡성읍 읍내리 220,35.2788671618,127.2969045762,2019-09,342.72,해당없음,1,7,0,2,곡성군,임인동,061-360-8981,2019-09-10,"등록관리, 쉼터,예방 등",061-360-8980,곡성군,2021-10-18,4860000,전라남도 곡성군
장성군치매안심센터,치매안심센터,전라남도 장성군 장성읍 성산5길 17,전라남도 장성군 장성읍 성산리 178-2,35.3233003,126.808367,2020-01,495,사무실(1)+상담실(3)+프로그램실(1)+건강증진실(1) 등,0,5,4,작업치료사(1)+행정인력(1),장성군보건소,이명자,061-390-7160,,"무료치매진단 및 선별검사, 치매극복의 날 캠페인, 치매파트너즈 교육, 치매예방, 인지재활교실 운영, 치매치료관리비 지원, 치매환자 쉼터, 가족카페 등",,장성군보건소,2021-10-18,4980000,전라남도 장성군
보령시치매안심센터,치매안심센터,충청남도 보령시 대천로 119,충청남도 보령시 죽정동 703-1,36.35633335,126.6045349,2018-07,490.19,,0,12,2,4,충청남도 보령시,전경희,041-930-6871,,"건강체조, 공예, 웃음치료, 노래교실, 요리 등",041-930-6871,충청남도 보령시,2022-04-05,4510000,충청남도 보령시
기장군 치매안심센터,치매안심센터,부산광역시 기장군 정관읍 용수로 11,부산광역시 기장군 정관읍 용수리 1314-1,35.31331082,129.2442307,2020-01,431.67,,1,7,3,3,기장군보건소,최병무,051-709-2982,2020-01-01,"치매 선별검사, 치매환자 인지재활 프로그램, 치매환자가족교실, 자조모임, 치매 예방교육 등",051-709-2982,기장군보건소,2022-04-05,3400000,부산광역시 기장군
기장군 치매안심센터,치매안심센터,부산광역시 기장군 정관읍 용수로 11,부산광역시 기장군 정관읍 용수리 1314-1,35.31331082,129.2442307,2020-01,431.67,,1,7,3,3,기장군보건소,최병무,051-709-2982,2020-01-01,"치매 선별검사, 치매환자 인지재활 프로그램, 치매환자가족교실, 자조모임, 치매 예방교육 등",051-709-2982,기장군보건소,2022-04-05,3400000,부산광역시 기장군
보건소치매센타,치매안심센터,경상남도 남해군 남해읍 선소로 6,경상남도 남해군 남해읍 차산리 645-1,34.84474988,127.8987479,2018-04,404,보건소 치매예방팀,1,7,1,8,남해군 보건소,박철정,055-860-8793,,치매환자 쉼터 운영 및 치매조기검진,055-860-8693,남해군 보건소,2022-03-29,5430000,경상남도 남해군
남양주보건소 치매안심센터,치매안심센터,경기도 남양주시 와부읍 덕소로71번길 5,경기도 남양주시 와부읍 덕소리 458-3,37.58794943,127.211114,2022-03,1042,상담실(1)+검진실(3)+쉼터(1)+가족카페(1)+프로그램실(2)+센터장실(1)+사무실(2)+대회의실(1),1,10,2,작업치료사(4)+임상심리사(1),남양주보건소 치매안심센터,정태식,031-590-8700,,"치매조기검진,치매환자쉼터,치매가족지원,치매예방관리,치매인식개선",031-590-4052,경기도 남양주시청,2022-03-01,3990000,경기도 남양주시
남양주풍양보건소 치매안심센터,치매안심센터,경기도 남양주시 진접읍 금강로 1509-26,경기도 남양주시 진접읍 장현리 68-39,37.726331,127.189819,2022-08,541,"검진실(1)+상담실(3)+가족까페(1)+프로그램실(1)+기타(3, 백세건강실, 누림실, 채움실)",1,3,0,작업치료사(0),남양주풍양보건소,신현주,031-590-4771,,"치매조기검진,치매환자쉼터,치매가족지원,치매예방관리,치매인식개선",031-590-8381,경기도 남양주시청,2022-03-01,3990000,경기도 남양주시
강진군치매안심센터,치매안심센터,전라남도 강진군 강진읍 목리길 11,,34.63833623,126.7757100266,2017-11,399,사무실(1)+가족카페(1)+교육실(1)+쉼터(1)+검진실(1)+프로그램실(1),1,3,2,1,강진군보건소,강진군보건소장,061-430-5950,,두뇌튼튼 기억튼튼 쉼터교실,061-430-5950,강진군보건소,2022-03-25,4920000,전라남도 강진군
화순군치매안심센터,치매안심센터,전라남도 화순군 화순읍 충의로 40,전라남도 화순군 화순읍 삼천리 701,35.055391,126.982021,2020-03,661.24,사무실(1)+상담실(2)+프로그램실(1)+쉼터(1),1,7,2,1(작업치료사),화순군보건소,보건소장(김인아),061-379-5317,,"치매선별검사, 치매예방프로그램, 치매인지재활프로그램, 치매가족 지원, 치매치료관리비 지원 등",061-379-5315,화순군보건소,2020-12-18,4900000,전라남도 화순군
안성시 치매안심센터,치매안심센터,경기도 안성시 강변로 74번길 18,경기도 안성시 도기동 67-21,37.0001476,127.2698156,2018-12,792.07,"사무실(1), 상담교육실(1), 치매쉼터(4), 가족카페(4), 프로그램실(2)",0,7,5,9,안성시 보건소,박창양,031-678-3003,,"치매조기검진 및 환자등록, 맞춤형 사례관리, 치매쉼터 운영, 치매예방교실, 가족교육, 치매치료관리비지원, 실종예방 지문인식 및 배회인식표발급,  등",031-678-3002,경기도 안성시,2021-03-15,4080000,경기도 안성시
제주시제주보건소 치매안심센터,치매안심센터,제주특별자치도 제주시 연삼로 264,제주특별자치도 제주시 도남동 567-1,33.49159994,126.520239,2018-08,643.65,사무실(1). 검사실(3). 쉼터(1). 프로그램실(1). 로비(1). 카페(1). 창고(1),0,7,1,작업치료사 3,제주시제주보건소,이민철,064-728-8490,,치매상담 및 등록관리. 치매조기검진. 치매예방 및 인지강화교실. 경증치매쉼터운영. 치매가족지원. 인식개선 및 교육홍보사업.안심마을 운영 등,064-728-4010,제주시제주보건소,2021-08-11,6510000,제주특별자치도 제주시
경상북도 안동시 치매안심센터,치매안심센터,경상북도 안동시 보현로12,경상북도 안동시 용상동 1517-263,36.55003666,128.7588531,2021-02,999.28,사무실(2)+검진실(1)+교육실(1)+회의실(1)+카페(1),0,27,2,물리치료사(1)+임상심리상담사(1)+작업치료사(1)+행정(4),안동시치매안심센터,황외현,054-840-5779,,"치매검진, 치매상담, 치매쉼터, 인지강화교실, 치매예방교실, 조호물품지원, 치매가족지원",054-855-5986,안동시보건소,2021-09-01,5070000,경상북도 안동시
부산광역시광역치매센터,광역치매센터,부산광역시 서구 대신공원로26,부산광역시 서구 동대신동3가 38-2,35.11954591,129.0180242,2020-05,649.81,야외 정원 세미나실,1,2,2,4,동아대학교병원,안희배,051-240-2560,2020-01-01,"치매예방, 두드림 복합운동교실, 치매예방 두드림 인지교실 및 가상현실(VR) 인지프로그램",051-888-3345,부산시 건강정책과,2021-08-31,6260000,부산광역시
강동구치매안심센터,치매안심센터,서울특별시 강동구 성내로 45,서울특별시 강동구 성내동 541-2,37.52954199,127.1255855,2021-09,682,,1,9,6,작업치료사(4),강동성심병원,송홍기,02-489-1130,2019-01-01,"치매예방및인식개선,치매조기검진,치매및고위험인지재활프로그램(인지건강센터),경증치매노인기억키움학교프로그램,치매치료비지원,치매지역자원강화 등",02-3425-6773,강동구보건소,2021-08-30,3240000,서울특별시 강동구
무안군치매안심센터,치매안심센터,전라남도 무안군 무안읍 불무로 38-9,전라남도 무안군 무안읍 교촌리 127-10,34.98830097,126.4735172,2021-07,431.94,사무실(1)+상담실(1)+검진실(2)+프로그램실(2)+가족카페(1),1,8,3,임상심리사(1)+작업치료사(2),무안군보건소,정수연,061-450-5075,,"치매조기검진, 치매상담 및 등록관리, 치매예방교육, 인지강화교실, 쉼터, 가족교실, 자조모임, 치매인식개선교육",061-450-5014,무안군보건소,2021-08-25,4950000,전라남도 무안군
울산광역시 북구치매안심센터,치매안심센터,울산광역시 북구 산업로 1018,울산광역시 북구 연암동 1082,35.58356886,129.3607274,2020-09,324,"사무실, 환자쉼터, 가족카페, 검진실, 교육실, 프로그램실 등",2,11,1,4,울산광역시 북구보건소,손정미,052-241-8138,,"치매조기검진 및 치매환자 등록관리, 교육지원",052-289-3450,울산광역시 북구보건소,2021-09-30,6310000,울산광역시
영등포구치매안심센터,치매안심센터,서울특별시 영등포구 당산로 29길 9,서울특별시 영등포구 당산동3가 407,37.525994,126.893979,2009-12,775.83,검사실(4)+진료실(1)+프로그램실(5)+쉼터(2)+카페(1)+사무실(1)+화장실 각층(3),1,4,5,작업치료사(7)+음악치료사(1)+운동처방사(1)+행정요원(1),가톨릭대학교 여의도성모병원,나혜란,02-831-0855,2018-12-01,"치매예방 및 인식개선(교육, 홍보)치매조기검진(선별검진, 정밀검진)치매예방등록사업(상담 및 사례관리, 환자 및 가족 지원, 인지건강 프로그램 운영)치매치료비 및 원인확진검사비 지원(저소득 치매환자)치매지역사회 지원강화(지역사회 인적, 물적 자원 연계)치매통합관리 정보시스템 구축 운영",02-2670-4752,영등포구 보건소(건강증진과),2021-09-27,3180000,서울특별시 영등포구
포항시남구치매안심센터,치매안심센터,경상북도 포항시 남구 오천읍 남원로 43,경상북도 포항시 남구 오천읍 원리 896,35.9704125023,129.4051469638,2019-12,987.52,"인지검사실,치매가족카페,사무실,프로그램실,상담실",2,11,6,6,포항시남구보건소,고원수,054-270-4260,,"치매조기검진, 상담 및 등록, 치매예방 및 치매환지쉼터 프로그램 운영, 치매지원서비스(치매치료관리비, 조호물품 제공, 맞춤형사례관리), 실종노인의 발생예방 및 찾기 사업, 치매가족 및 보호자 지원 사업, 치매인식개선 사업 등",054-270-4004,포항시남구보건소,2021-06-09,5020000,경상북도 포항시
포항시북구치매안심센터,치매안심센터,경상북도 포항시 북구 삼흥로 96(장성동),경상북도 포항시 북구 장성동 1363-3,36.0707218217,129.3797118808,2019-12,1256.95,"인지검사실,치매가족카페,사무실,프로그램실,상담실",2,13,6,9,포항시북구보건소,박혜경,054-270-4171,,"치매조기검진, 상담 및 등록, 치매예방 및 치매환지쉼터 프로그램 운영, 치매지원서비스(치매치료관리비, 조호물품 제공, 맞춤형사례관리), 실종노인의 발생예방 및 찾기 사업, 치매가족 및 보호자 지원 사업, 치매인식개선 사업 등",054-270-4114,포항시북구보건소,2021-06-09,5020000,경상북도 포항시
남원시 치매안심센터,치매안심센터,전라북도 남원시 요천로 1285,전라북도 남원시 조산동 455,35.39783844,127.3639897,2018-11,469.08,"지상 2층,상담실(1)+검사실(1)+진단평가실(1)+쉼터(1)+사무실(1)",0,5,1,행정(6)+임상심리사(1)+작업치료사(5),남원시보건소,한용재,063-620-5530,,"치매조기검진, 맞춤형 사례관리, 치매치료관리비·조호물품 지원,치매환자 가족지원사업, 치매 극복의 날 기념행사, 치매 홍보서포터즈 운영 등",063-620-5530,남원시청,2021-09-07,4700000,전라북도 남원시
강북구치매지원센터,치매안심센터,서울특별시 강북구 삼양로19길 154 삼각산분소 2층,서울특별시 강북구 미아동 1353-8,37.61704648,127.0156528,2009-08,1604,"사무실,프로그램실,검진실,강당,주차장 등",1,7,3,3,강북구치매지원센터,박건우,02-991-9830,2009-07-28,"조기검진, 쉼터, 가족지원, 인식개선 등치매검진, 치매치료비, 조호물품, 배회인식표, 가족모임, 인지건강센터, 기억친구 등",02-901-7755,강북구보건소 지역보건과,2021-08-31,3080000,서울특별시 강북구
강북구치매지원센터,치매안심센터,"서울특별시 강북구 삼양로476 스마트빌딩 1층, 치매안심센터 기억키움쉼터","서울특별시 강북구 수유동 322-14, 치매안심센터 기억키움쉼터",37.64580812,127.015664,2019-03,85.24,"사무실,프로그램실,검진실",0,1,0,3,강북구치매지원센터,박건우,02-990-9830,2009-07-28,"경도치매군 인지재활 프로그램, 조기검진, 조호물품, 사례관리, 봉사단체운영및지역자원연계 등",02-901-7755,강북구보건소 지역보건과,2021-08-31,3080000,서울특별시 강북구
제주동부치매안심센터,치매안심센터,제주특별자치도 제주시 구좌읍 김녕로14길 6,제주특별자치도 제주시 구좌읍 김녕리 1697-1,33.5543823,126.7513422,2018-06,369.98,사무실(1).검진실(3).쉼터(1).교육실(3).물품창고(1).다목적실(1).카페(1).창고(1),0,6,1,,제주시 동부보건소,유창수,064-728-7551,,치매조기검진 및 예방사업.등록관리사업.치매가족지원사업.인식개선 및 교육홍보사업. 치매안심마을 운영.실종노인 예방.치매공공후견사업등,064-728-4211,제주시 동부보건소,2021-08-11,6510000,제주특별자치도 제주시
제주시서부치매안심센터,치매안심센터,제주특별자치도 제주시 한림읍 강구로 5,제주특별자치도 제주시 한림읍 한림리 966-1,33.41208361,126.2695292,2018-06,371,검진실(1).상담실(2).프로그램실(1).쉼터(1).가족카페(1). 사무실(1). 창고(1),0,3,2,작업치료사(1),제주시 서부보건소,김계홍,064-728-8661,,"치매조기검진 지원, 치매환자 및 가족 상담, 인지재활프로그램 등",064-728-4111,제주시서부보건소,2021-08-11,6510000,제주특별자치도 제주시
부산광역시 강서구 치매안심센터,치매안심센터,부산광역시 강서구 낙동북로102번길 76,부산광역시 강서구 강동동 60-3,35.21620512,128.9376702,2018-11,,,2,8,5,1,부산광역시 강서구 보건소,천동환,051-970-2610,,"치매상담 및 등록,치매조기검진사업,치매예방교실,치매환자쉼터,치매가족교실,치매치료비지원,치매환자조호물품지원,치매인식개선사업 등",,부산광역시 강서구 보건소,2021-10-18,3360000,부산광역시 강서구
양천구치매안심센터,치매안심센터,"서울특별시 양천구 남부순환로 407, 4층(신월동, 신월보건지소)",서울특별시 양천구 신월동 131-4,37.53133859,126.831824,2008-04,630.6,사무실(1)+상담실(1)+검진실(2)+진료실(1)+훈련실(3)+기억키움학교(1) 등,1,13,4,"작업치료사(3), 운동치료사(1)",이화의대부속 목동병원,유경하,02-2698-8680,2008-03-27,"치매검사, 치매 상담 및 등록관리, 치매가족지원, 치매인식개선, 인지강화 및 치매예방교실 운영 등",02-2620-4348,서울특별시 양천구청,2021-05-21,3140000,서울특별시 양천구
은평구치매안심센터,치매안심센터,서울특별시 은평구 연서로34길 11,서울특별시 은평구 불광동 130-2,37.6215461,126.9277208,2008-03,520.78,,1,9,3,"음악치료사 1,작업치료사 2,행정요원 1",가톨릭대학교 은평성모병원,심용수,02-388-8233,2017-01-01,"치매 조기검진 및 등록관리, 치료비 지원 및 사례관리, 인지건강프로그램 운영, 치매예방 교육 및 홍보",02-351-8682,서울특별시 은평구 보건소,2021-07-01,3110000,서울특별시 은평구
울산광역시 북구치매안심센터,치매안심센터,울산광역시 북구 산업로 1018,울산광역시 북구 연암동 1082,35.58355486,129.3607258,2021-09,324,"사무실, 환자쉼터, 가족카페, 검진실, 교육실, 프로그램실 등",1,10,1,2,울산광역시 북구보건소,임혜숙,052-241-8257,,"치매조기검진 및 치매환자 등록관리, 교육지원",052-289-3450,울산광역시 북구보건소,2021-07-01,3720000,울산광역시 북구
성북구치매안심센터,치매안심센터,"서울특별시 성북구 화랑로63,성북구보건소 5층","서울특별시 성북구 하월곡동 46-1,호 성북구보건소 5층",37.60270967,127.0395315,2007-06,,"사무실1, 휴게실1, 가족카페1, 프로그램실4, 검진실5, 회의실1",1,11,2,7,건국대학교병원,유승호,02-918-2223,2020-01-01,"등록관리, 선별, 정밀검진, 치료비지원, 원인확진검사비 지원, 예방 및 재활 프로그램",02-2241-6137,성북구보건소 건강관리과,2021-06-29,3070000,서울특별시 성북구
관악구치매안심센터,치매안심센터,서울특별시 관악구 관악로 145 관악구청 별관 3층,서울특별시 관악구 봉천동 1570-1 관악구청 별관 3층,37.47864563,126.9509331,2008-11,495.73,"사무실(2), 검진실(4)+교육실(1)+프로그램실(1)+가족카페(1), 기타(난곡치매안심분소)",0,9,2,작업치료사(4),서울특별시 관악구보건소,최정화,02-879-4910,,"치매조기검진 및 등록관리, 치매예방 및 인식개선, 치매의료비 지원,  인지건강프로그램 및 치매환자쉼터 운영,  치매환자 가족지원",02-879-7184,서울특별시 관악구보건소,2021-10-19,3200000,서울특별시 관악구
중구치매안심센터,치매안심센터,부산광역시 중구 흑교로 48 중구복합건강센터 2층,부산광역시 중구 보수동1가 95-3,35.103775,129.025356,2020-07,200.96,"사무실,상담실,검진실,프로그램실",1,4,2,1,부산광역시 중구보건소,차대헌,051-600-4688,,"치매초기상담, 조기검진, 1:1 사례관리, 치매치료비지원 등",051-600-4688,부산광역시 중구보건소,2021-10-21,3250000,부산광역시 중구
부산광역시남구 치매안심센터,치매안심센터,부산광역시 남구 수영로 155(대연동),부산광역시 남구 대연동 1768-3,35.13495561,129.0835533,2018-04,364.55,"1, 2",1,15,3,5,남구보건소치매안심센터,센터장 허목,051-607-3771,2018-04-27,"인지재활프로그램, 고위험군 인지강화교실, 치매예방교실 등",051-607-3772,남구보건소치매안심센터,2021-10-21,3310000,부산광역시 남구
임실군치매안심센터,치매안심센터,전라북도 임실군 임실읍 호국로 1680,전라북도 임실군 임실읍 이도리 270-8,35.6124995,127.2869773,2020-05,,"상담실, 검진실, 사무실, 쉼터, 가족카페, 프로그램실, 회의실, 화장실",1,6,3,2,임실군치매안심센터,양형식,063-640-3373,,· 치매상담 및 등록관리 사업· 치매 인식개선 및 예방 사업· 쉼터 및 가족지원 사업· 치매환자 맞춤형 집중사례관리· 치매환자 배회감지기 지원,063-640-3100,임실군보건의료원,2021-10-21,4760000,전라북도 임실군
순창군 치매안심센터,치매안심센터,전라북도 순창군 순창읍 교성로 135,전라북도 순창군 순창읍 교성리 418,35.36710476,127.1436245,2017-12,82.64,화장실+회의실,1,2,0,1,순창군 보건의료원,정영곤,063-650-5247,,"찾아가는 경로당 치매예방교실, 치매고위험군 인지증진프로그램, 치매가족지지 프로그램 헤아림, 치매조기검진",063-650-5247,순창군 보건의료원,2021-09-30,4770000,전라북도 순창군
예산군 치매안심센터,치매안심센터,충청남도 예산군 예산읍 군청로 22,충청남도 예산군 예산읍 예산리 777,36.68088054,126.8448507,2020-12,427.55,보건소장,2,12,1,5,예산군보건소,최승묵,041-339-6140,,인지재활,041-339-6140,보건소치매관리팀,2021-10-21,4610000,충청남도 예산군
부산광역시 동구보건소 치매안심센터,치매안심센터,부산광역시 동구 구청로 14,부산광역시 동구 수정동 819-54,35.12832585,129.0450622,2018-03,387.92,"사무실, 검진실, 프로그램실, 가족카페, 다목적홀, 옥상정원 등",0,6,3,3,부산광역시 동구보건소,김유정,051-440-6443,,"치매조기검진, 쉼터, 인지재활프로그램, 가족지원사업 등",051-440-6443,부산광역시 동구보건소,2021-10-20,3270000,부산광역시 동구
양산시치매안심센터,치매안심센터,경상남도 양산시 중앙로 7-32,경상남도 양산시 다방동 506-3,35.33215753,129.0379934,2018-03,577,,0,10,1,9,양산시치매안심센터,강경민,055-392-5175,,"치매조기검진 및 예방 사업, 치매치료비 지원, 치매 환자 및 가족 지원 사업",055-392-5175,양산시보건소,2021-10-07,5380000,경상남도 양산시
화성시치매안심센터,치매안심센터,경기도 화성시 향남읍 상신초교길 52,경기도 화성시 향남읍 상신리 874,37.09400813,126.9011824336,2018-06,902.88,"사무실, 검진실, 진단실, 쉼터, 가족카페  등",0,7,2,1,화성시보건소,김장수,031-369-3561,2018-06-01,"치매조기검진, 맞춤형 사례관리, 치매쉼터 운영 등",031-369-3561,화성시보건소,2020-09-08,5530000,경기도 화성시
화성시치매안심센터,치매안심센터,경기도 화성시 향남읍 상신초교길 52,경기도 화성시 향남읍 상신리 874,37.09400813,126.9011824336,2018-06,902.88,"사무실, 검진실, 진단실, 쉼터, 가족카페  등",0,6,2,2,화성시보건소,김장수,031-5189-3561,2018-06-01,"치매조기검진, 맞춤형 사례관리, 치매쉼터 운영 등",031-5189-3561,화성시보건소,2020-09-08,5530000,경기도 화성시
화성시치매안심센터,치매안심센터,경기도 화성시 향남읍 상신초교길 52,경기도 화성시 향남읍 상신리 874,37.09400813,126.9011824336,2018-06,902.88,"사무실, 검진실, 진단실, 쉼터, 가족카페  등",0,4,2,2,화성시보건소,김장수,031-5189-3561,2018-06-01,"치매조기검진, 맞춤형 사례관리, 치매쉼터 운영 등",031-5189-3561,화성시보건소,2020-09-08,5530000,경기도 화성시
화성시치매안심센터,치매안심센터,경기도 화성시 향남읍 상신초교길 52,경기도 화성시 향남읍 상신리 874,37.09400813,126.9011824336,2018-06,902.88,"사무실, 검진실, 진단실, 쉼터, 가족카페  등",0,2,2,2,화성시보건소,김장수,031-5189-3561,2018-06-01,"치매조기검진, 맞춤형 사례관리, 치매쉼터 운영 등",031-5189-3561,화성시보건소,2020-09-08,5530000,경기도 화성시
속초시치매안심센터,치매안심센터,강원도 속초시 수복로 36,강원도 속초시 교동 960,38.196194,128.5759527,2018-12,333,사무실(1)+조기검진실(2)+교육실(1)+카페(1)+쉼터(1)+로비(1),1,8,1,2(센터장 포함),속초시보건소,이종필,033-639-2926,2018-12-27,"치매조기검진, 어울림 쉼터 인지재활 프로그램, 가정방문 인지강화 프로그램, 경로당 치매예방 프로그램, 치매가족  헤아림 프로그램,치매가족 헤아림 교육, 자조모임 사랑회 운영, 치매치료관리비 지원",033-639-2926,속초시보건소,2020-10-23,4230000,강원도 속초시
일산동구보건소치매안심센터,치매안심센터,"경기도 고양시 일산동구 중앙로 1228, 1층",,37.65597924,126.7761487,2018-04,,,0,9,1,4,일산동구보건소,고병규,031-8075-4850,,"○ 치매선별검사 및 진단검사 실시○ 치매환자등록, 조호물품,치매치료관리비 지원○ 경증치매환자 쉼터 운영○ 치매예방프로그램 운영○ 치매안심마을 운영○ 치매인식개선사업○ 치매환자실종예방사업",031-8075-4850,일산동구보건소 치매안심센터,2021-07-15,3940000,경기도 고양시
일산서구보건소치매안심센터,치매안심센터,"경기도 고양시 일산서구 고양대로 688, 3~4층",,37.68363562,126.772353,2018-05,,,0,8,2,8,일산서구보건소,강영호,031-8075-4871,,"○ 치매선별검사 및 진단검사 실시○ 치매환자등록, 조호물품,치매치료관리비 지원○ 경증치매환자 쉼터 운영○ 치매예방프로그램 운영○ 치매안심마을 운영○ 치매인식개선사업○ 치매환자실종예방사업",031-8075-4871,일산서구보건소 치매안심센터,2021-07-15,3940000,경기도 고양시
서구치매안심센터,치매안심센터,인천광역시 서구 승학로263,인천광역시 서구 심곡동 325-1,37.54624092,126.6721504,2012-04,95.4,"치매환자쉼터, 치매가족카페",1,7,2,3,인천참사랑병원,천영훈,032-567-9115,,"치매선별검사및 진단검사, 치매환자 인지재활프로그램(음악,미술,원예,작업치료)",032-560-5917,인천서구보건소,2021-07-28,3560000,인천광역시 서구
고령군치매안심센터,치매안심센터,경상북도 고령군 대가야읍 왕릉로 56-5,경상북도 고령군 지산리 232-8,35.7252340813,128.264814501,2018-08,265.1,"로비, 사무실, 교육상담실, 검진실, 쉼터 및 가족카페, 프로그램실",1,2,2,2,고령군보건소,김곤수,054-950-7961,,"치매예방프로그램, 고위험군인지강화프로그램, 치매조기검진 및 진단·감별검사, 치매환자쉼터, 가족교실, 치매환자 맞춤형 사례관리, 인식개선 및 홍보사업",054-954-1300,고령군보건소,2019-05-15,5200000,경상북도 고령군
대전광역치매센터,광역치매센터,대전광역시 중구 문화로 282,대전광역시 중구 대사동 640,36.31684464,127.4153053,2019-03,217.55,"센터장실, 행정실, 프로그램A,B 상담AB실, 치매사업프로그램준비실",1,1,3,4,충남대학교병원,송민호,042-280-8968,2017-01-01,"치매관리 인프라/네트워크 구축,대국민인식개선사업, 교육,연구,조호사업",042-280-8968,충남대학교병원,2020-12-14,6300000,대전광역시
동구치매안심센터,치매안심센터,대전광역시 동구 현암로 22,대전광역시 동구 삼성동 374-1,36.34298597,127.4204612,2019-04,669,"사무실, 상담실, 검진실, 프로그램실, 가족카페 등",1,8,3,6,동구보건소,장선애,042-621-6011,2018-04-10,"상담, 등록,조기검진,1:1사례관리, 단기쉼터, 치매카페운영",042-621-6011,동구보건소,2020-12-14,6300000,대전광역시
중구치매안심센터,치매안심센터,대전광역시 중구 중앙로 100,대전광역시 중구 대흥동 499-1,36.32557592,127.4212943,2019-08,647,"사무실, 상담실, 검진실, 프로그램실, 가족카페 등",1,4,1,4,중구보건소,구기희,042-288-8180,2018-08-20,"상담, 등록,조기검진,1:1사례관리, 단기쉼터, 치매카페운영",042-288-8180,중구보건소,2020-12-14,6300000,대전광역시
서구치매안심센터,치매안심센터,대전광역시 서구 둔산서로 100,대전광역시 서구 둔산동 1300,36.355071,127.3833597,2019-04,711,"사무실, 상담실, 검진실, 프로그램실, 가족카페 등",1,11,4,4,서구보건소,박경용,042-288-4470,2018-04-24,"상담, 등록,조기검진,1:1사례관리, 단기쉼터, 치매카페운영",042-288-4470,서구보건소,2020-12-14,6300000,대전광역시
유성구치매안심센터,치매안심센터,대전광역시 유성구 박산로 177,대전광역시 유성구 구암동 91-6,36.354491,127.328811,2020-11,457,"사무실, 상담실, 검진실, 프로그램실, 가족카페 등",1,7,3,4,유성구보건소,신현정,042-611-5112,2018-05-31,"상담, 등록,조기검진,1:1사례관리, 단기쉼터, 치매카페운영",042-611-5112,유성구보건소,2020-12-14,6300000,대전광역시
대덕구치매안심센터,치매안심센터,대전광역시 대덕구 동춘당로 187,대전광역시 대덕구 법동 192-1,36.36720857,127.4308384,2019-07,487,"사무실, 상담실, 검진실, 프로그램실, 가족카페 등",1,8,1,5,대덕구보건소,김주연,042-608-4491,2018-07-20,"상담, 등록,조기검진,1:1사례관리, 단기쉼터, 치매카페운영",042-608-4491,대덕구보건소,2020-12-14,6300000,대전광역시
노원구치매안심센터,치매안심센터,서울특별시 노원구 노해로437 노원구청 5층,서울특별시 노원구 상계동 701-1번지 노원구청 5층,37.654126,127.056798,2009-12,5152,기억키움학교,1,8,6,작업치료사 6,인제대학교 상계백병원 위탁,이순형,02-911-7778,2019-01-01,"치매조기검진, 치매예방 및 등록관리 사업, 치매치료비 지원사업 등",02-2116-4353,서울특별시 노원구청,2021-09-13,3100000,서울특별시 노원구
여주시치매안심센터,치매안심센터,경기도 여주시 여흥로 160번길 12,,37.2947783225,127.6399084437,2017-12,758.25,"사무실, 프로그램실, 상담실, 진단검사실,가족카페, 신체활동프로그램실",1,4,2,3,여주시 보건소,함진경,031-887-3601,,"예방프로그램, 쉼터, 치매인식개선사업, 조기검진사업",031-887-3685,경기도 여주시,2021-09-08,5700000,경기도 여주시
북부치매안심센터,치매안심센터,경기도 여주시 대신면 풍양1길 16,,37.37205549,127.5852432,2019-07,180,"사무실, 프로그램실, 상담실, 진단검사실",0,1,2,0,여주시 보건소,함진경,031-887-3601,,"예방프로그램, 쉼터, 치매인식개선사업, 조기검진사업",031-887-3496,경기도 여주시,2021-09-08,5700000,경기도 여주시
남부치매안심센터,치매안심센터,경기도 여주시 점동면 청안로 130-6,,37.20571617,127.6624173,2019-08,72,"사무실, 프로그램실, 상담실, 진단검사실",0,1,2,0,여주시 보건소,함진경,031-887-3601,,"예방프로그램, 쉼터, 치매인식개선사업, 조기검진사업",031-887-3493,경기도 여주시,2021-09-08,5700000,경기도 여주시
대전광역시 중구 치매안심센터,치매안심센터,대전광역시 중구 중앙로 100,대전광역시 중구 대흥동 499-1,36.32557502,127.4212953,2018-08,647,"사무실(1), 프로그램실(3), 로비 등",2,8,2,4,대전광역시 중구보건소,구기희,042-288-8181,,"치매환자 등록 관리, 가족교육, 예방교육, 치매검사, 인지훈련 등",042-288-8181,대전광역시 중구,2021-09-10,3650000,대전광역시 중구
목포시 치매안심센터,치매안심센터,전라남도 목포시 수문로32,전라남도 목포시 남교동 164,34.79313246,126.3829319,1998-01,1048,,3,8,4,5,전라남도 목포시 하당보건지소,이지홍,061-270-4271,,"치매선별검사,치매인지재활프로그램, 치매환자등록관리",061-270-4271,전라남도 목포시청,2021-10-20,4800000,전라남도 목포시
중구치매안심센터,치매안심센터,인천광역시 중구 참외전로72번길 21,인천광역시 중구 전동 2-1,37.47721594,126.6291077,2021-12,549.61,사무실(1)+상담실(2)+진료실(1)+프로그램실(2)+쉼터(1),0,10,1,4,인천광역시 중구보건소,이대섭,032-760-6063,,"치매조기검진(선별,진단,감별검사), 치매환자등록관리, 맞춤형사례관리, 치매치료관리비 지원, 조호물품 지원, 치매안심마을 만들기, 공공후견인사업운영, 치매예방교실 운영(미술활동, 치매예방운동, 보드게임,한지공예,원예교실 등), 가족힐링프로그램(드라이플라워, 자조모임 등), 쉼터운영(운동치료,요리치료,미술치료,음악치료,감각활동,전산화인지재활,인지카드학습), 치매인식개선 및 홍보 사업, 치매파트너 양성사업 등.",032-760-6010,인천광역시 중구보건소,2021-10-20,3490000,인천광역시 중구
부산광역시 강서구 치매안심센터,치매안심센터,부산광역시 강서구 낙동북로102번길 76,부산광역시 강서구 강동동 60-3,35.21620512,128.9376702,2018-11,,,2,8,5,1,부산광역시 강서구 보건소,천동환,051-970-2610,,"치매상담 및 등록,치매조기검진사업,치매예방교실,치매환자쉼터,치매가족교실,치매치료비지원,치매환자조호물품지원,치매인식개선사업 등",,부산광역시 강서구 보건소,2021-10-18,3360000,부산광역시 강서구
화천군치매안심센터,치매안심센터,강원도 화천군 화천읍 강변로 111,강원도 화천군 화천읍 중리 242-4,38.1073412292,127.709121,2018-12,300,"사무실1,교육실2,쉼터1,검진실2,카페1",1,7,1,1,화천군보건의료원,이재성,033-440-2809,,"치매검사, 원격진료, 주간재활프로그램 운영",033-442-4424,강원도 화천군청,2020-10-28,4310000,강원도 화천군
청송군치매안심센터,치매안심센터,경상북도 청송군 청송읍 의료원길 19,경상북도 청송군 청송읍 금곡리 1056-54,36.43113169,129.0518042,2018-12,413.00,사무실(1)+프로그램실(1)+회의실(1)+진단실(1)+가족카페(1),0,8,2,작업치료사(1),청송군보건의료원,윤홍배,054-870-7341,,"치매조기검진, 치매환자쉼터, 인지강화교실, 치매예방교실, 치매예방교육, 치매서포터즈 및 치매극복선도단체 양성, 치매보듬마을 운영, 우리마을예쁜치매쉼터운영, 치매환자사례관리, 치매환자가족교실,자조모임운영,치매치료관리비지원, 조호물품제공, 배회인식표 및 지문인기 등록, 치매극복 전국걷기행사, 치매극복의날 기념 행사,치매관사업 DB자료 등록 및 분석",,청송군청,2021-09-13,5160000,경상북도 청송군
의정부시보건소 치매상담센터,치매안심센터,경기도 의정부시 범골로 128 다다원빌딩 3층,경기도 의정부시 범골로 128 다다원빌딩 3층 치매상담센터(의정부동),37.73553403,127.0396452,2007-08,,,0,9,2,4,의정부시보건소,장연국,031-870-6121,,"무료치매선별검사, 치매상담, 치매예방교육, 재가치매환자 조호물품 지원, 치매치료관리비 지원, 치매 극복의 날 기념행사 등",031-870-6121,의정부시보건소,2021-08-31,3820000,경기도 의정부시
산청군 치매안심센터,치매안심센터,경상남도 산청군 산청읍 중앙로97,경상남도 산청군 산청읍 지리 797,35.41608206,127.8842381,2021-06,881.52,"사무실, 상담실, 검진실, 프로그램실, 치매카페, 쉼터",0,8,1,작업치료사 3명,산청군보건의료원,차현자,055-970-7647,,"등록관리, 조기검진,인지강화,예방교실, 단기쉼터 및 치매 카페 운영, 치매 인식개선 및 홍보, 치매치료관리 지원 등",055-970-7647,산청군보건의료원,2021-09-10,5450000,경상남도 산청군
장성군치매안심센터,치매안심센터,전라남도 장성군 장성읍 성산5길 17,전라남도 장성군 장성읍 성산리 178-2,35.3233003,126.808367,2021-01,495,,0,5,4,2,장성군,이명자,061-390-7160,2020-01-29,"치매조기검진, 상담 및 등록관리, 프로그램운영 등",061-390-7160,전라남도 장성군,2021-10-15,6460000,전라남도
완도군치매안심센터,치매안심센터,전라남도 완도군 완도읍 농공단지길 34,전라남도 완도군 완도읍 죽청리 483-8,34.33582329,126.7313246,2021-12,308.7,,1,5,3,2,완도군,김선종,061-550-5810,2019-05-31,"치매조기검진, 사례관리, 치료비 지원",061-550-5810,전라남도 완도군,2021-10-15,6460000,전라남도
진도군치매안심센터,치매안심센터,전라남도 진도군 진도읍 남동1길 40-9 진도군보건소,전라남도 진도군 진도읍 남동리 776-26,34.48037351,126.2629165,2021-12,459,,0,7,1,2,진도군,김영배,061-540-6962,2018-12-18,"등록관리,예방교실 운영",061-540-6962,전라남도 진도군,2021-10-15,6460000,전라남도
신안군치매안심센터,치매안심센터,"전라남도 신안군 압해읍 천사로 1004, 보건소 1층",전라남도 신안군 압해읍 신장리 463-17,34.83360218,126.3514253,2021-07,191.3,,1,6,1,2,신안군,강정희,061-243-8550,2019-07-16,"치매조기검진, 사례관리 등",061-243-8550,전라남도 신안군,2021-10-15,6460000,전라남도
사하구 치매안심센터(본소),치매안심센터,부산광역시 사하구 까치고개로 50-10,부산광역시 사하구 괴정동 12-31,35.10448346,129.006333,2019-05,997.87,치매안심센터운영,0,8,4,3,부산광역시 사하구보건소,서경민,051-220-5987,,"치매조기검진, 치료관리비 지원, 치매 인식 개선을 위한 홍보 캠페인 등",051-220-5986,부산광역시 사하구보건소,2021-12-28,3340000,부산광역시 사하구
사하구 치매안심센터(분소),치매안심센터,부산광역시 사하구 하신중앙로 185,부산광역시 사하구 신평동 646-2,35.09496298,128.9615461,2020-04,200,치매안심센터운영,0,7,0,0,부산광역시 사하구보건소,서경민,051-220-0074,,"치매조기검진, 치료관리비 지원, 치매 인식 개선을 위한 홍보 캠페인 등",051-220-0074,부산광역시 사하구보건소,2021-12-28,3340000,부산광역시 사하구
서울특별시 중랑구치매안심센터,치매안심센터,서울특별시 중랑구 동일로 608 화성빌딩 2~3층,서울특별시 중랑구 면목동 161-34,37.58464368,127.0801244,2009-11,460,사무실(1)+강당(1)+진료실(1)+인지검사실(4)+상담실(1)+창고(2)+)+프로그램실(3),1,10,4,3,서울북부병원,김정화,02-435-7540,2017-01-01,"치매조기검진, 치매예방등록관리, 지역사회자원강화",02-2094-0852,"서울특별시청, 중랑구보건소",2021-12-16,3060000,서울특별시 중랑구
금천구치매안심센터,치매안심센터,"서울특별시 금천구 시흥대로 123길 11(독산1동 주민센터) 6층, 7층",서울특별시 금천구 독산동 289-5,37.47021905,126.8970437,2009-08,748.1,사무실1(센터장실1)+상담실(5)+기억키움학교1+프로그램실4+휴개살1+가족카페1+화장실4,1,9,4,운동처방사1+작업치료사3,고려대학교 구로병원,병원장 정희진,02-3281-9082,2020-01-01,"예방 및 인식개선 사업, 조기검진 사업,등록관리사업,치매치료관리비 지원사업, 지역사회 자원 강화사업",02-2627-2215,서울특별시 금천구 보건소,2021-12-16,3170000,서울특별시 금천구
미추홀돌봄의집,치매안심센터,"인천광역시 미추홀구 경인로 34번길 20, 6-7층","인천광역시 미추홀구 숭의동 190-4, 6-7층",37.46303119,126.6472839,2022-01,755,,0,4,2,8,인하대학교산학협력단,유창경,032-883-0310,2022-01-01,"회상요법, 미술치료, 음악치료 등 인지재활 프로그램",032-728-6573,인천미추홀구보건소,2022-04-11,3510500,인천광역시 미추홀구
미추홀구치매안심센터,치매안심센터,"인천광역시 미추홀구 경인로 34번길 20, 5층","인천광역시 미추홀구 숭의동 190-4, 5층",37.46303118,126.6472782,2022-02,594,,3,24,5,10,미추홀구보건소,위경복,032-728-6560,,"치매조기검진, 치매치료관리비지원, 인지재활프로그램 운영, 치매가족교육, 치매관련교육, 조호물품 제공 등",032-728-6560,인천미추홀구보건소,2022-04-11,3510500,인천광역시 미추홀구
광주광역시광역치매센터,광역치매센터,"광주광역시 동구 제봉로 27, 한일빌딩 4층",,35.1411286,126.9211291,2017-10,,,1,3,0,4,전남대학교병원,김병채,062-226-2181,,"치매극복의날 기념행사, 한마음 치매극복 걷기행사, 치매예방교육 및 시민건강강좌, 치매관련종사자 교육 등",,광주광역시청,2022-04-11,6290000,광주광역시
청도군치매안심센터,치매안심센터,경상북도 청도군 화양읍 산성강변길 472,경상북도 청도군 화양읍 송북리 45,35.654342,128.7381579,2019-07,454.51,"사무실, 교육, 상담실, 검진실, 쉼터 및 가족카페",1,4,1,8,청도군보건소,박미란,054-370-6470,,"치매진단등록, 환자쉼터, 인지재활치료, 비약물치료",054-370-2672,청도군치매안심센터,2020-06-30,5190000,경상북도 청도군
가평군치매안심센터,치매안심센터,경기도 가평군 가평읍 가화로 155-18,경기도 가평군 가평읍 읍내리 624-1,37.8335569,127.5104515,2021-12,368,"가족카페, 교육실, 단기쉼터",1,4,1,작업치료사1,가평군보건소,가평군수,031-580-2849,,"맞춤형사례관리, 인지강화 및 치매예방교실, 단기쉼터운영, 치매파트너 및 파트너플러스 양성, 치매가족지지프로그램, 인식강화 등",031-580-2849,가평군보건소,2021-08-24,4160000,경기도 가평군
삼척시치매안심센터,치매안심센터,강원도 삼척시 척주로 76,강원도 삼척시 남양동 347-4,37.44374981,129.172207,2017-12,555.84,,1,6,0,2,삼척시보건소,김영미,033-570-4678,,"치매조기검진, 치매환자 등록관리, 치매예방교실, 치매환자 쉼터 운영 등",033-572-4000,삼척시보건소,2021-07-07,4240000,강원도 삼척시
문경시치매안심센터,치매안심센터,"경상북도 문경시 점촌1길 13, 1층",경상북도 문경시 점촌동 234-12,36.596348,128.198008,2019-10,337.73,"사무실1, 검사실1, 상담실1, 프로그램실2, 회의실1, 가족카페1",1,11,2,3,문경시보건소,박애주,054-555-2033,,"치매조기검진, 치매쉼터운영, 치매보듬마을운영, 치매조호물품지원, 치매치료비지원",054-550-8084,문경시보건소,2021-07-13,5120000,경상북도 문경시
치매안심센터,치매안심센터,대구광역시 수성구 수성로 213,,35.84495927,128.6119385,2021-01,998,,0,13,4,8,수성구보건소,여수환,053-666-3181,,"치매조기검진, 치매환자 및 가족 프로그램운영, 인식개선활동 및 홍보 등",053-666-3156,대구광역시 수성구보건소,2021-07-12,3460000,대구광역시 수성구
금산군치매안심센터,치매안심센터,충남 금산군 금산읍 비범1길 5 1층,충남 금산군 금산읍 중도리 214-3 치매안심센터,36.1095223,127.4934473,2019-12,419.38,"사무실(1), 쉼터(1), 프로그램실(1)",0,7,11,2,금산군보건소,이화영,041-750-4173,,"치매상담, 등록관리, 조기검진, 인지재활프로그램, 치매치료관리비지원, 치매주간보호센터 운영 등",041-750-4171,충청남도청,2021-10-06,4550000,충청남도 금산군
경주시 치매상담센터,치매안심센터,경상북도 경주시 봉황로 178,경상북도 경주시 성건동 620-83,35.85535748,129.2105107,2019-10,633,"상담실1,검진실2,치매카페,다목적실,교육장,자원봉사자실,사무실",0,15,2,7,경주시보건소,경주시보건소장(최재순),054-760-2950,,"치매조기검진, 치매치료비지원, 치매쉼터운영, 치매가족프로그램 운영, 치매예방교육 및 상담",054-779-8659,경상북도 경주시청,2021-10-06,5050000,경상북도 경주시
정선군치매안심센터,치매안심센터,강원도 정선군 정선읍 녹송로 33,강원도 정선군 정선읍 봉양리 80-5,37.38005958,128.6710846,2020-02,,사무실 검진실 쉼터 가족카페 교육실 상담실,0,4,0,3,정선군보건소,정선군보건소,033-560-2565,,치매상담 및 등록치매조기검진사업치매예방교실치매환자쉼터치매가족교실치매치료비지원치매환자조호물품지원치매인식개선사업 등,033-560-2565,정선군보건소,2021-10-05,4290000,강원도 정선군
창녕군 치매안심센터,치매안심센터,경상남도 창녕군 창녕읍 우포2로 1189-35,경상남도 창녕군 창녕읍 교리 996-1,35.543618,128.4900551,2018-07,524.97,,1,8,2,4,창녕군보건소,이성옥,055-530-6243,,치매환자 등록 및 관리/ 치매조기검진 / 치매예방교육 및 인식개선/ 치매가족교육 및 자조모임/쉼터프로그램운영,055-530-6210,경상남도 창녕군보건소,2022-01-10,5410000,경상남도 창녕군
광주광역시북구치매안심센터,치매안심센터,광주광역시 북구 북문대로 234(동림동),광주광역시 북구 동림동 1156-3,35.18696192,126.8668762,2019-09,,,1,12,1,작업치료사(1),광주광역시 북구 보건소,김은숙,062-410-6598,,"무료치매검사,치매치료비지원,인식표배부 등",062-410-8124,광주광역시 북구 보건소,2021-12-31,3620000,광주광역시 북구
고성군치매안심센터,치매안심센터,경상남도 고성군 고성읍 중앙로 35,경상남도 고성군 고성읍 성내리 27,34.97451724,128.3244477,2018-08,412,,0,4,2,,고성군 보건소,백두현,055-670-4075,,"치매조기검진, 위치주적기 및 인식표 지원, 재활프로그램운영, 치매 인식개선 교육 홍보 등",055-670-4053,경상남도 고성군,2021-12-29,5420000,경상남도 고성군
신안군치매안심센터,치매안심센터,전라남도 신안군 압해읍 천사로 1004,,34.83360218,126.3514253,2019-07,191,,1,8,1,2,신안군보건소,장봉기,061-240-8081,,"치매조기검진사업,치매환자관리,치매예방교육,쉼터운영및가족카페,인식개선등",,전라남도 신안군청,2021-11-24,5010000,전라남도 신안군
양구군치매안심센터,치매안심센터,강원도 양구군 양구읍 관공서로 42,강원도 양구군 양구읍 하리 34-5,38.1099462889,127.9892064797,2019-12,375.66,창고(29.7),1,7,2,1(작업치료사),x,x,033-480-2808,,"치매환자 쉼터, 치매 검진, 사례관리 등",033-480-2808,x,2020-06-26,4320000,강원도 양구군
화성시치매안심센터,치매안심센터,경기도 화성시 향남읍 상신초교길 52,경기도 화성시 향남읍 상신리 874,37.09400813,126.9011824336,2018-06,902.88,"사무실, 검진실, 진단실, 쉼터, 가족카페  등",0,9,1,2,화성시보건소,김장수,031-369-3561,2018-06-01,"치매조기검진, 맞춤형 사례관리, 치매쉼터 운영 등",031-369-3561,화성시보건소,2020-09-08,5530000,경기도 화성시
화성시치매안심센터,치매안심센터,경기도 화성시 향남읍 상신초교길 52,경기도 화성시 향남읍 상신리 874,37.09400813,126.9011824336,2018-06,902.88,"사무실, 검진실, 진단실, 쉼터, 가족카페  등",0,9,1,2,화성시보건소,김장수,031-369-3561,2018-06-01,"치매조기검진, 맞춤형 사례관리, 치매쉼터 운영 등",031-369-3561,화성시보건소,2020-09-08,5530000,경기도 화성시
인천광역시 동구 치매안심센터,치매안심센터,인천광역시 동구 송림로 113,인천광역시 동구 송림동 49-13,37.47690373,126.6471972,2018-12,429.76,사무실(1)+프로그램실(2)+가족카페(1)+검사실(1)+진료실(1)+상담실(2),2,7,3,작업치료사(1)+임상심리사(1),인천광역시 동구보건소,보건소장,032-772-6307,,○상담 및 등록관리 ○치매조기검진 ○치매예방관리 ○치매환자쉼터운영 ○치매지원서비스 ○치매가족 및 보호자 지원사업 ○치매인식개선 및 교육·홍보 사업 ○치매안심마을 운영 등,032-772-6307,인천광역시 동구보건소,2021-06-16,3500000,인천광역시 동구
치매안심센터,치매안심센터,경상북도 경산시 남매로 158,경상북도 경산시 중방동 708-5,35.82511247,128.7432823,2013-08,,"진료실, 검사실(3), 교육상담실, 심리검사실, 자원봉사자실, 탕비실, 물품보관실, 문서고, 프로그램실(3), 사무실, 가족카페, 카페사랑방 등",1,18,1,4,경산시보건소,안경숙,053-810-6435,,"치매선별검진, 우리마을 예쁜 치매쉼터",053-810-6435,경상북도 경산시보건소,2021-06-15,5130000,경상북도 경산시
마포구치매안심센터,치매안심센터,서울특별시 마포구 대흥로 122,서울특별시 마포구 대흥동 38-22,37.5504068177,126.9442780986,2007-07,624,진료실 검진실 프로그램실 사무실 강당,1,11,5,6,가톨릭대학교서울성모병원,양동원,3272-1578,2021-01-01,치매예방및인식개선사업 치매조기검진사업 치매예방등록관리사업 치매치료비및원인확진검사비지원,3153-9062,마포구보건소건강증진과,2021-08-13,3130000,서울특별시 마포구
거창군치매안심센터,치매안심센터,경상남도 거창군 거창읍 거함대로 3079,경상남도 거창군 거창읍 송정리 332-3,35.6809363,127.8987274,2018-10,592.65,사무실+회의실+?Y터+프로그램실+진료실+상담실,0,6,6,2,거창군보건소,이정헌,055-940-7912,,"치매환자 등록 관리, 치매치료비 지원, 치매환자 조호물품지원, 노인성질환자 위생용품 지원, 치매 실종예방 배회감지기 지원, 치매조기검진, 치매안심프로그램 운영, 치매파트너 양성, 치매극복선도기관 지정, 치매예방교육 등",055-940-7912,경상남도 거창군청,2021-08-24,5470000,경상남도 거창군
서산시보건소 치매센터,치매안심센터,"충청남도 서산시 호수공원6로 6, 서산시보건소(예천동)",충청남도 서산시 예천동 496-1,36.77457668,126.4445156,2018-08,350,사무실(1)+쉼터(1)+검진실(1)+상담실(2)+가족까페(1),0,5,4,2(작업치료사),서산시보건소,김지범,041-661-8100,,"치매조기검진, 치매안심센터프로그램 운영, 치매환자 맞춤형 사례관리, 치매환자 조호물품 및 치매치료관리비 지원",041-661-6592,충청남도 서산시보건소,2021-07-15,4530000,충청남도 서산시
덕양구보건소치매안심센터,치매안심센터,"경기도 고양시 덕양구 마상로 126번길73, 2층",,37.65709157,126.8343062,2018-06,,,1,14,2,8,덕양구보건소,김안현,031-8075-4800,,"○ 치매선별검사 및 진단검사 실시○ 치매환자등록, 조호물품,치매치료관리비 지원○ 경증치매환자 쉼터 운영○ 치매예방프로그램 운영○ 치매안심마을 운영○ 치매인식개선사업○ 치매환자실종예방사업",031-8075-4800,덕양구보건소 치매안심센터,2021-07-15,3940000,경기도 고양시
고성군치매안심센터,치매안심센터,강원도 고성군 간성읍 수성로 30,강원도 고성군 간성읍 신안리 178,38.37761662,128.4721409,2021-01,,사무실(1)+프로그램실(1)+가족카페(1)+검진실(2)+휴게실(1)+창고(1),0,6,0,작업치료사(4명),고성군보건소,황현숙,033-680-3798,,"치매조기검진사업, 쉼터, 가족지지, 인지재활 등",,고성군보건소,2021-10-20,4340000,강원도 고성군
치매안심센터,치매안심센터,"경기도 광주시 초월읍 경충대로 1009-40, (쌍동리)",경기도 광주시 초월읍 쌍동리 163-7,37.36884573,127.3027505,2021-11,958,,1,6,5,1,광주시보건소,이영희,031-760-2521,,"치매 조기검진, 맞춤형 사례관리 등치매예방 및 관리 서비스 제공",031-760-2110,광주시보건소,2021-10-05,5540000,경기도 광주시
영광군치매안심센터,치매안심센터,전라남도 영광군 영광읍 신남로 4길 17,전라남도 영광군 영광읍 남천리 326-5,35.27468261,126.5041643,2021-03,289,,0,7,3,1,영광군,홍성후,061-350-4806,2019-03-13,"등록관리, 프로그램 운영 등",061-350-4806,전라남도 영광군,2021-10-15,6460000,전라남도
이천시 치매안심센터,치매안심센터,경기도 이천시 증신로153번길 13,경기도 이천시 증포동 152-2,37.2889554,127.4523668,2018-11,324.4,사무실(2)+상담실(1)+검사실(1)+진단실(1)+프로그램실(2)+대기실(1)+휴게실(1),3,8,2,5,이천시 보건소,보건소장,031-644-4007,,치매조기검진사업+치매치료관리비지원사업+치매쉼터프로그램운영+치매환자가족(헤아림) 교육 및 자조모임운영+치매예방 홍보 교육 및 캠페인+치매파트너 모집+치매관련 정보제공+치매환자 배회인식표 제공+자원연계,031-644-4007,이천시 보건소,2022-02-07,4070000,경기도 이천시
남부치매안심센터,치매안심센터,경기도 이천시 장호원읍 서동대로8809번길 30-15,경기도 이천시 장호원읍 장호원리 371-1,37.11672581,127.6148957,2019-12,375.41,사무실(1)+상담실(1)+검사실(1)+진단실(1)+프로그램실(1)+대기실(1)+휴게실(1),0,1,1,1,이천시 보건소,보건소장,031-645-3461,,치매조기검진사업+치매치료관리비지원사업+치매쉼터프로그램운영+치매환자가족(헤아림) 교육 및 자조모임운영+치매예방 홍보 교육 및 캠페인+치매파트너 모집+치매관련 정보제공+치매환자 배회인식표 제공+자원연계,031-645-3460,이천시 보건소,2022-02-07,4070000,경기도 이천시
춘천시 치매안심센터,치매안심센터,강원도 춘천시 스무숲길 4-46,강원도 춘천시 석사동 171-8,37.846002,127.746997,2022-07,1311,센터장실(1)+사무실(1)+회의실(1)+상담실(5)+ 교육실(4),0,13,1,협력의사(3)+보건교육사(1)+물리치료사(1)+작업치료사(1),춘천시보건소,심영희,033-250-4004,,"치매검진(조기검진 무료, 정밀검진비 지원), 치매환자 치료비(약제비) 지원,  조호물품(기저귀,물티슈)지원, 인식표 제공, 배회감지기 지원, 치매환자 단기쉼터 운영, 치매환자 및 가족 지원, 상담 및 교육, 인지강화프로그램, 치매예방프로그램, 치매 극복의날 행사, 인식개선 및 홍보 등",033-250-4004,춘천시보건소,2022-01-12,4180000,강원도 춘천시
강남구치매안심센터,치매안심센터,서울특별시 강남구 선릉로108길 27,서울특별시 강남구 삼성동 113-26,37.5103117,127.0463776,2009-12,903.24,사무실(1)+강당(1)+다목적홀(1)+진료실(1)+인지검사실(2)+회의실(1)+상담실(1)+창고(1)+세탁실(1)+프로그램실(4)+화장실(5),2,7,4,7,삼성서울병원,박승우,02-3410-2114,2020-01-01,치매조기선별검진 및 정밀검진+인지건강프로그램 및 쉼터 운영 등,02-3423-7123,서울특별시청+강남구보건소,2022-02-21,3220000,서울특별시 강남구
합천군 치매안심센터,치매안심센터,경상남도 합천군 합천읍 동서로39,경상남도 합천군 합천읍 합천리 524-1,35.56792811,128.1567534,2022-12,738,,1,7,1,,경상남도 합천군보건소,이미경,055-930-3730,2017-12-28,"치매조기검진, 치매진단검사, 치매치료관리비 지원, 치매환자 조호물품 제공, 치매환자 실종예방 사업, 치매환자 쉼터 운영, 치매환자 가족교실 운영",055-930-3900,경상남도 합천군보건소,2022-03-10,5480000,경상남도 합천군
강릉시치매안심센터,치매안심센터,"강원도 강릉시 남부로17번길 38, 가동",강원도 강릉시 내곡동 413,37.74287093,128.8827493,2019-12,3602.26,사무실+검진실+상담실+쉼터+가족카페+프로그램실,2,12,3,3,강릉시 보건소,백춘희,033-660-3081,,등록관리+조기검진+예방관리+가족지원+인식개선 및 홍보,033-660-3081,강원도 강릉시청,2022-03-08,4200000,강원도 강릉시
서울특별시 구로구 치매안심센터,치매안심센터,"서울특별시 구로구 디지털로 243, 2층 (지-하이시티 빌딩)",서울특별시 구로구 구로동 237,37.48199097,126.892351,2009-07,530.25,검진실+가족쉼터 및 카페+프로그램실,1,8,6,7,고려대학교 구로병원,김준형,02-2612-7041,2021-01-01,정상 고위험 치매 프로그램 및 인지프로그램 운영 등,02-860-3273,서울특별시 구로구 보건소,2022-02-28,3160000,서울특별시 구로구
동구 치매안심센터,치매안심센터,대전광역시 동구 현암로 22 (삼성동),,36.34298696,127.4204617,2018-04,,,2,8,4,6,동구 보건소,장선애,042-621-6011,,"치매 조기검진, 치매환자 쉼터 프로그램, 치매예방 및 인지강화 프로그램, 환자가족 상담 및 힐링프로그램 등",,대전광역시 동구청,2022-03-04,3640000,대전광역시 동구
강서구치매안심센터,치매안심센터,"서울특별시 강서구 화곡로 371, 경향교회선교관 3층",,37.556963,126.852184,2009-09,630,,1,7,5,운동처방사(2)+작업치료사(9),학교법인 이화학당,정지향,02-3663-0943,2020-01-01,"무료치매검진 및 진단, 치매예방교육, 치매예방인지재활프로그램, 치매가족지지 프로그램 등",02-2600-5877,서울특별시 강서구청,2022-03-04,3150000,서울특별시 강서구
군포시치매안심센터,치매안심센터,"경기도 군포시 군포로 522, 3층","경기도 군포시 당동 776-20, 3층",37.35258222,126.9456563,2018-05,493.9,사무실(1)+검진실(2)+교육실(3)+쉼터(1),1,9,4,2,군포시보건소,김미경,031-389-4981,,"치매예방프로그램, 치매환자 및 가족프로그램",031-389-4981,군포시보건소,2022-04-04,4020000,경기도 군포시
광주광역시 남구 치매안심센터,치매안심센터,광주광역시 남구 효우로 80,광주광역시 남구 노대동 737,35.10621299,126.9038012,2020-02,288.68,,1,11,2,5,광주광역시 남구 보건소,곽은영,062-607-4361,,인지강화교실 및 쉼터 등,062-607-4365,광주남구치매안심센터,2022-05-12,3610000,광주광역시 남구
양양군 치매안심센터,치매안심센터,강원도 양양군 양양읍 양양로 9-5,강원도 양양군 양양읍 연창리 203-5,38.07784528,128.6274871,2019-07,309,사무실+검진실+상담실+쉼터,0,5,1,3,양양군 보건소,권성준,033-670-2937,,치매환자 등록관리/인지재활 프로그램/쉼터 프로그램,033-670-2937,양양군 보건소,2022-05-12,4350000,강원도 양양군
울진군 치매안심센터,치매안심센터,경상북도 울진군 울진읍 읍내8길 61-8,경상북도 울진군 울진읍 읍내리 563-5,36.99621755,129.4045994,1997-11,,,0,6,4,2,울진군보건소 치매안심센터,최용팔,054-789-5025,,"치매치매조기검진 및 대상자 등록관리, 인지강화프로그램 및 치매가족프로그램 운영, 치매서포터즈 양성",054-789-5000,울진군보건소,2022-04-30,5250000,경상북도 울진군
파주시 치매안심센터,치매안심센터,경기도 파주시 조리읍 봉천로 68(건강증진센터 3층),경기도 파주시 조리읍 봉일천리 188-9,37.745044,126.8050097,2018-07,356.42,"사무실(1), 프로그램실(1), 다목적홀(1), 상담실(2), 센터장실(진단검사실)(1), 가족카페(1)",1,4,2,"작업치료사 (3), 기타(2)",파주시 보건소,파주시보건소장(임미숙),031-940-3721,,"치매조기검진사업, 치매인식개선 및 예방사업, 치매환자가족(헤아림)교육 및 지지프로그램 운영, 쉼터 운영사업,치매치료비지원사업, 치매파트너 모집, 치매환자 배회인식표제공, 지문등록, 치매안심공동체 운영, 사례관리,치매환자 인지재활 프로그램",031-940-3721,파주시 보건소,2022-04-01,4060000,경기도 파주시
해남군 치매안심센터,치매안심센터,전라남도 해남군 해남읍 해남로 46,전라남도 해남군 해남읍 해리 186,34.57046051,126.6120436,2019-11,,,1,7,2,1,해남군치매안심센터,안형주,061-531-3793,,"치매조기검진, 사례관리, 치매환자 쉼터 및 가족지원, 치매예방 등 프로그램",,해남군 보건소,2022-04-19,4930000,전라남도 해남군
경상북도영주시치매안심센터,치매안심센터,경상북도 영주시 영주로159번길 73,경상북도 영주시 영주동 479-1,36.82876293,128.6159883,2018-09,1255.89,사무실(2)+프로그램실(1)+검진실(2)+환자쉼터(1)+가족카페(1)+강당(1)+심리안정실(1),0,9,5,행정(1)+작업치료사(5),영주시보건소,김인석,054-639-5733,,치매예방교실+고위험군 인지강화교실+치매환자쉼터+찾아가는 치매예방교실+치매환자 가족교실+치매가족 자조모임+치매가족 힐링프로그램 등,054-631-4000,경상북도 영주시청,2022-06-13,5090000,경상북도 영주시
양주시 서부 치매안심센터(분소),치매안심센터,경기도 양주시 광적면 부흥로 618번길 303,경기도 양주시 광적면 광석리 132,37.81249969,126.9723072,2022-11,1096,쉼터+가족카페+원예치료실등,0,4,0,1,양주시보건소,이재환,031-8082-4388,2019-12-30,"치매조기검진, 치매예방프로그램, 치매환자 쉼터, 치매가족지원사업, 치매약제비 지원, 조호용품등 지원",031-8082-7100,경기도 양주시청 건강증진과 건강증진과,2022-05-31,5590000,경기도 양주시
서울특별시 성동구 치매안심센터,치매안심센터,서울특별시 성동구 왕십리로5길 3 (성수1가제2동 공공복합청사 5층),서울특별시 성동구 성수동1가 685-580,37.546403,127.0443496552,2007-07,558.09,인지건강센터,1,10,4,4,서울특별시 서울의료원,허재혁,02-499-8071,2017-01-01,"치매검진, 치매예방등록관리, 지역사회자원 강화",02-2286-7128,성동구보건소,2022-06-08,3030000,서울특별시 성동구
충주시치매안심센터,치매안심센터,충청북도 충주시 사직산21길 34,충청북도 충주시 문화동1655,36.97085167,127.9280135,2022-12,619.86,사무실(1)+교육실(3)+가족카페(1)+검사실(3),0,9,2,작업치료사+기타(3),충주시보건소,이승희,043-850-1780,,"치매조기검진,맞춤형사례관리,치매환자쉼터운영,가족교실운영,치매예방프로그램운영",043-850-1780,충청북도 충주시청,2022-05-31,4390000,충청북도 충주시
상주시치매안심센터,치매안심센터,경상북도 상주시 중앙로 111,경상북도 상주시 무양동 33-4,36.41690111,128.1499972,2019-01,547.98,,0,7,1,3,상주시치매안심센터,강영석,054-537-6514,,무료치매검사,054-535-4000,상주시보건소,2022-06-03,5110000,경상북도 상주시
대구북구치매안심센터,치매안심센터,"대구광역시 북구 성북로49, 5층",대구광역시 북구 침산동 521-2,35.8918696,128.588898,2022-09,489.55,검진실+로비+사무실+교육실+기억쉼터+어르신운동실+탕비실,1,12,4,8,대구북구보건소,이영숙,053-665-3135,,"치매조기검진, 치매치료관리비지원, 조호물품 제공, 치매예방프로그램, 가족지원 등",053-665-4267,대구북구보건소,2022-05-30,3450000,대구광역시 북구
분당구보건소 치매안심센터,치매안심센터,경기도 성남시 분당구 내정로 94(정자동 한솔마을 711동 1층),경기도 성남시 분당구 정자동 101,37.36738858,127.1155093,2020-08,564,진료실(1)+사무실(1)+프로그램실(3)+쉼터(1)+가족카페(1) 등,0,18,3,협력의사(2)+작업치료사(2)+임상심리사(1)+청소(1)+사회복지사(기간제)(5),분당구보건소,보건소장,031-729-8783,,무료치매검사+프로그램운영+치매예방관리등,031-729-4053,경기도 성남시 분당구보건소,2022-05-30,3780000,경기도 성남시
대전서구치매안심센터,치매안심센터,대전광역시서구둔산서로100+건강체련관3층,대전광역시서구둔산동1300+건강체련관3층,36.35505672,127.3833597,2022-04,711.29,프로그램실(3)+가족카페(1)+의사검진실(1)+신경심리검사실(1)+선별검사실(1)+대기실(1)+사무실(1)+서고(1)+세미나실(1),3,9,4,작업치료사(2)+임상심리사(2),대전서구보건소,박경용,042-288-4470,2018-04-18,치매환자인지재활프로그램+고위험군인지강화교실+치매예방교실+찾아가는경로당치매예방교실+치매예방교육+치매파트너및플러스사업+가족교실+가족자조모임+선별검사및진단검사+치매치료관리비지원+조호물품지원+배회가능어르신인식표제공+지문등사전등록+공공후견지원사업+사례관리,042-288-4500,대전서구보건소,2022-05-23,3660000,대전광역시 서구
포천시치매안심센터,치매안심센터,경기도 포천시 삼육사로 2186번길 11-15,경기도 포천시 선단동 629-1,37.85346198,127.1593101,2018-10,621,사무실+회의실+교육실+검진실,2,3,0,작업치료사(2),경기도 포천시보건소,포천시보건소장,031-538-4831,,치매검진+치매인지강화 프로그램,031-538-4831,경기도 포천시청,2022-05-20,5600000,경기도 포천시
포천시치매안심센터 일동분소,치매안심센터,경기도 포천시 일동면 소야길9,경기도 포천시 일동면 기산리 88-31,37.9558113614,127.315347,2019-08,98,사무실+대기실+프로그램실,0,1,0,작업치료사(1),경기도 포천시보건소,포천시보건소장,031-538-4547,,치매검진+치매인지강화 프로그램,031-538-4547,경기도 포천시청,2022-05-20,5600000,경기도 포천시
포천시치매안심센터 영북분소,치매안심센터,경기도 포천시 영북면 영북로166,경기도 포천시 영북면 운천리 340-6,38.0892943195,127.2756336535,2018-12,,사무실+대기실+프로그램실,1,1,0,작업치료사(1),경기도 포천시보건소,포천시보건소장,031-538-4806,,치매검진+치매인지강화 프로그램,031-538-4806,경기도 포천시청,2022-05-20,5600000,경기도 포천시
금정구 치매안심센터,치매안심센터,부산광역시 금정구 중앙대로 1777,부산광역시 금정구 부곡동 78,35.24205368,129.0924546,2017-12,559.62,,0,13,3,3,부산광역시 금정구보건소,서경민,051-519-5678,,"치매조기검진, 치매예방프로그램, 치매환자 지원, 치매 인식 개선사업 등",051-519-5678,부산광역시 금정구보건소,2022-06-08,3350000,부산광역시 금정구
충청북도광역치매센터,광역치매센터,"충청북도 청주시 서원구 1순환로 767, 지오빌딩 3층",충청북도 청주시 서원구 개신동 50-5,36.625449,127.463825,2013-12,333.2,사무실(2)+회의실(1)+교육실(1)+세미나실(1)+비품보관실(1),1,0,6,작업치료사(2),충북대학교병원,이상수,043-269-6891,2019-12-27,"치매인력전문화교육, 치매극복의날기념식, 치매극복걷기대회, 치매파트너운영, 치매특화사업개발, 치매연구조사 등",043-220-3192,충청북도청 보건정책과,2022-06-07,5710000,충청북도 청주시
충청북도 청주시 상당구 치매안심센터,치매안심센터,충청북도 청주시 상당구 남일면 단재로 480,충청북도 청주시 상당구 남일면 효촌리 92-2,36.588251,127.5059388388,2019-05,992.92,사무실(1)+상담실(2)+검진실(1)+쉼터(1)+가족카페(1)+휴게실(1)+사랑방(1)+샤워실(1)+대회의실(1)+소회의실(1)+통신실(1),0,3,2,작업치료사(4)+임상심리사(2)+행정(2),청주시 상당보건소,김혜련,043-201-3100,,"치매조기검진, 치매치료관리비 및 검진비 지원, 치매예방교육,인지강화교실, 치매안심마을운영, 치매환자맞춤형 사례관리,치매공공후견인, 치매환자쉼터 및 가족지원사업,치매파트너 운영, 돌봄재활사업 등",043-201-4306,청주시 상당보건소,2022-06-07,5710000,충청북도 청주시
충청북도 청주시 서원구 치매안심센터,치매안심센터,"충청북도 청주시 서원구 구룡산로 235, 3층 (수곡동, 위너스빌)",충청북도 청주시 서원구 수곡동 901,36.616052,127.4713304921,2018-10,305.71,사무실(1)+상담실(2)+검진실(1)+쉼터(1)+가족카페(1),0,6,2,작업치료사(2)+임상심리사(1)+행정(2),청주시 서원보건소,김병성,043-201-3200,,"치매조기검진, 치매치료관리비 및 검진비 지원, 치매예방교육,인지강화교실, 치매안심마을운영, 치매환자맞춤형 사례관리,치매공공후견인, 치매환자쉼터 및 가족지원사업,치매파트너 운영, 돌봄재활사업 등",043-201-3710,청주시 서원보건소,2022-06-07,5710000,충청북도 청주시
충청북도 청주시 흥덕구 치매안심센터,치매안심센터,"충청북도 청주시 흥덕구 비하로12번길 42, 1층~2층",충청북도 청주시 흥덕구 비하동 793,36.6299036009,127.4267927994,2018-08,500,사무실(2)+상담실(2)+검진실(1)+창고(1)+프로그램실(1)+쉼터(1)+휴게실(1)+통신실(1)+카페(1),0,3,3,작업치료사(4)+임상심리사(2)+행정(1),청주시 흥덕보건소,이진숙,043-201-3300,,"치매조기검진, 치매치료관리비 및 검진비 지원, 치매예방교육,인지강화교실, 치매안심마을운영, 치매환자맞춤형 사례관리,치매공공후견인, 치매환자쉼터 및 가족지원사업,치매파트너 운영, 돌봄재활사업 등",043-201-4330,청주시 흥덕보건소,2022-06-07,5710000,충청북도 청주시
충청북도 청주시 청원구 치매안심센터,치매안심센터,충청북도 청주시 청원구 오창읍 과학산업3로 238,충청북도 청주시 청원구 오창읍 각리 639-1,36.7104063494,127.4304713294,2018-12,457.26,사무실(2)+상담실(2)+검진실(1)+창고(2)+쉼터(1)+휴게실(1)+통신실(1)+카페(1),0,3,2,작업치료사(3)+임상심리사(1)+행정(3),청주시 청원보건소,김현숙,043-201-3400,,"치매조기검진, 치매치료관리비 및 검진비 지원, 치매예방교육,인지강화교실, 치매안심마을운영, 치매환자맞춤형 사례관리,치매공공후견인, 치매환자쉼터 및 가족지원사업,치매파트너 운영, 돌봄재활사업 등",043-201-4360,청주시 청원보건소,2022-06-07,5710000,충청북도 청주시
부산광역시 수영구 치매안심센터,치매안심센터,부산광역시 수영구 수영로 637-5(광안동),부산광역시 수영구 광안동 661-1,35.16247327,129.1134875,2018-12,565.18,,0,7,3,5,부산광역시 수영구보건소,노도연,051-752-4000,,"치매조기검진, 치매예방프로그램, 치매환자 지원사업, 치매 인식개선 홍보 캠페인 등",051-752-4000,부산광역시 수영구보건소,2022-05-31,3380000,부산광역시 수영구
대전광역시유성구치매안심센터,치매안심센터,대전광역시 유성구 박산로 177 유성구보건소 2층,대전광역시 유성구 구암동91-6 유성구보건소,36.3538097,127.3286392,2018-05,380.83,사무실(1)+프로그램실(3)+검사실(4)+센터(1),0,6,3,작업치료사(3)+임상심리사(1),유성구보건소,신현정,042-611-5018,,"치매조기검진, 치매환자 인지프로그램, 가족지원사업, 치매극복의 날 기념행사 등",042-611-5121,대전광역시 유성구청,2022-06-08,3670000,대전광역시 유성구
부산광역시 동래구 치매안심센터,치매안심센터,부산광역시 동래구 명륜로187번길 56,부산광역시 동래구 명륜동 702-54,35.211408,129.079856,2018-06,500150,없음,3,9,1,임상심리사(1)+작업치료사(2),부산광역시 동래구보건소,김종목,051-555-4000,,"치매상담 및 등록관리, 치매조기검진 및 예방관리, 치매환자쉼터 운영, 치매가족 지원, 치매인식개선 및 교육홍보 등",051-550-4000,부산광역시 동래구청,2022-06-07,3300000,부산광역시 동래구
완주군 치매안심센터,치매안심센터,전라북도 완주군 삼례읍 삼봉8로 10-12,전라북도 완주군 삼례읍 수계리697-1,35.9300447,127.1208616,2017-12,,,2,11,2,1,완주군 보건소,유미경,063-290-4380,,"치매환자관리사업, 치매상담",,완주군 보건소,2022-05-31,4720000,전라북도 완주군
완주군 치매안심센터,치매안심센터,전라북도 완주군 삼례읍 삼봉8로 10-12,전라북도 완주군 삼례읍 수계리697-1,35.9214549899,127.1219109175,2017-12,,,2,11,2,1,완주군 보건소,유미경,063-290-4380,,"치매환자관리사업, 치매상담",,완주군 보건소,2022-05-31,4720000,전라북도 완주군
연제구치매안심센터,치매안심센터,부산광역시 연제구 거제시장로22번길 70(거제동),부산광역시 연제구 거제동 558-3,35.1840299,129.0730755,18-Nov,469.63,"상담실, 보담실, 소담실, 검진실, 쉼터",2,11,2,4,연제구보건소,사공필용,051-665-5481,,"치매조기검진, 상담등록관리, 환자 및 가족 지원, 인식개선",051-665-5481,연제구보건소,2022-05-30,3370000,부산광역시 연제구
괴산군치매안심센터,치매안심센터,충청북도 괴산군 괴산읍 동진천길 43,충청북도 괴산군 괴산읍 동부리 641,36.80799723,127.7966873,2019-12,,,0,6,1,0,괴산군치매안심센터,김영숙,043-830-2392,,"치매선별검사, 치매진단검사, 가족교실, 인지교실 등",043-830-2392,괴산군보건소,2022-06-02,4460000,충청북도 괴산군
수정구보건소 치매안심센터,치매안심센터,경기도 성남시 수정구 수정로 218,경기도 성남시 수정구 신흥동 3435번지,37.4443116,127.1440597,2017-12,47,사무실(1)+프로그램실(3)+상담실(2)+검진실(1)+교육상담실+가족카페+정원등,1,11,2,작업치료사(3),수정구보건소,김은미,031-729-3879,,상담및등록관리+치매조기검진+치매예방관리+치매환자쉼터운영+치매지원서비스+치매가족및보호자지원사업+치매인식개선및교육홍보+치매안심마을운영+치매공공후견사업,031-729-3879,경기도 성남시 수정구 보건소,2022-05-30,3780000,경기도 성남시
중원구보건소 치매안심센터,치매안심센터,경기도 성남시 중원구 금상로 137(상대원동),경기도 성남시 중원구 상대원동 269-10,37.44215706,127.1705795,2017-12,2055.9,사무실(4)+회의실(1)+교육실(1)+쉼터(1)+프로그램실(4)+검사실(4)+카페1개등,1,4,7,임상심리사(1)+작업치료사(5)+사무(1),(의)롯데의료재단,안세진,031-739-3045,2020-01-01,상담및등록관리+치매조기검진+치매예방관리+치매환자쉼터운영+치매지원서비스+치매가족및보호자지원사업+치매인식개선및교육홍보+치매안심마을운영+치매공공후견사업,031-729-2486,경기도 성남시 중원구 보건소,2022-05-30,3780000,경기도 성남시
양평군치매안심센터,치매안심센터,경기도 양평군 양평읍 중앙로111번길 34-21,경기도 양평군 양평읍 공흥리 310-9,37.49662351,127.505177,11-Feb,733.95,사무실(1)+상담실(1)+프로그램실(1)+교육실(1)+기타(1),1,5,6,작업치료사(3)+운전기사(3),분당서울대학교병원,박영호,031-771-5773,2020-01-01,"치매예방관리사업,치매등록관리사업,치매지역사회기반강화",031-770-3475,경기도 양평군보건소,2022-05-30,4170000,경기도 양평군
인제군치매안심센터,치매안심센터,강원도 인제군 인제읍 인제로140번길 34,강원도 인제군 인제읍 남북리 789-1,38.06327706,128.1685854,2019-12,719.3,"사무실(2)+치매환자쉼터(1)+가족카페(1)+교육실(2)+검진,상담실(1), 창고(2)",1,7,0,행정(2)+작업치료사(1),직영,허준용,033-460-2523,,"무료치매검사,경증치매환자단기쉼터운영, 인지재활프로그램, 정상군 치매예방교실,치매고위험군 인지강화교실, 치매인식개선, 기타 치매환자 조호물품, 치매치료관리지지원,실종예방사업",,강원도 인제군청,2022-06-07,4330000,강원도 인제군
울산광역시남구치매안심센터,치매안심센터,울산광역시 남구 삼산중로 132,울산광역시 남구 삼산동 1538-4,35.54535759,129.3363268,2019-04,997.14,사무실(1)+검진실(1)+상담실(3)+심리안정실(1)+인지체험관(1)+쉼터(1)+교육실(1),1,8,1,임상심리사(1)+작업치료사(4),남구보건소,박혜경,052-226-2323,,"상담 및 등록관리사업,조기검진사업,쉼터운영사업,가족지원사업,치매인식개선홍보사업",052-226-2451,울산광역시 남구보건소,2022-05-31,3700000,울산광역시 남구
부산광역시영도구치매안심센터,치매안심센터,부산광역시 영도구 태종로 423,부산광역시 영도구 청학동 48-3,35.0912179,129.067935,2017-12,375.42,사무실(1)+상담실(2)+검진실(1)+프로그램실(2)+까페(1),1,12,3,임상심리사(1)+작업치료사(2),영도구보건소,박성률,051-419-4935,,"치매상담 및 정보 제공, 치매조기검진, 치매예방 및 인지강화교실 운영, 치매환자 단기보호쉼터 운영, 치매가족교실 및 힐링까페 운영, 치매치료관리비 지원, 치매환자 조호물품 지원, 치매인식개선사업 운영 등",,부산광역시 영도구청,2022-05-30,3280000,부산광역시 영도구
서구치매안심센터,치매안심센터,대구광역시 서구 북비산로 71길 7,대구광역시 서구 비산동 42-107,35.88016031,128.5723999,2005-11,942.31,상담실(1)+치매가족카페(1)+교육장(1)+쉼터(1)+가족프로그램실(1)+검진실(1)+사무실(1),1,12,2,임상심리사(1)+작업치료사(1)+운전직(1),대구광역시 서구청,이희숙,053-663-3811,,"치매조기검진, 치매예방프로그램, 쉼터 인지재활프로그램, 치매가족교실 등",053-663-3811,대구광역시 서구청,2022-05-31,3430000,대구광역시 서구
태백시치매안심센터,치매안심센터,강원도 태백시 태백로 905,강원도 태백시 황지동 20-8,37.176676,128.9924305,2022-12,,사무실+검진실+상담실+가족카페+환자쉼터+프로그램운영실등,0,5,3,1,태백시보건소,김미영,033-550-3042,2017-12-27,"환자쉼터,치매환자가족지지모임치매조기검진(선별,진단,감별검사)치매환자등록관리, 맞춤형사례관리,지원서비스(치료관리비, 조호물품제공),치매예방교실, 이동검진 및 교육치매파트너 양성 및 플러스 활동실종예방지원서비스(인식표,배회감지기,지문사진등록사업) 등",033-552-4000,태백시보건소,2022-05-26,4220000,강원도 태백시
밀양시치매안심센터,치매안심센터,경상남도 밀양시 삼문중앙로 41,경상남도 밀양시 삼문동 159-1,35.48567011,128.7560608,2018-11,344.75,"쉼터, 가족카페, 검진실 등",1,11,0,2,밀양시보건소,천재경,055-359-7086,,"맞춤형 인지재활 프로그램, 치매환자가족교실, 치매파트너 등",055-359-7020,밀양시보건소,2022-05-23,5360000,경상남도 밀양시
중구치매안심센터,치매안심센터,서울특별시 중구 청구로8길 22,서울특별시 중구 신당동 304-734,37.56130448,127.013703,09-Jun,576,상담실(1)+ 프로그램실(1)+진료실(1)+강당(1),1,7,3,작업치료사(2),국립중앙의료원,이종윤,02-2238-3400,2017-06-01,치매선별검진+치매치료비지원+치매등록관리+치매가족모임+인지건강프로그램,02-3396-6373,서울특별시 중구청,2022-05-27,3010000,서울특별시 중구
정읍시치매안심센터,치매안심센터,전라북도 정읍시 금붕1길 215(금붕동),전라북도 정읍시 금붕동 949-3,35.5543973373,126.8936176,2019-12,649.3,사무실,2,14,4,2,전라북도 정읍시 보건소,김미숙,063-539-6951,,"치매선별검사 및 진단검사, 치매예방 및 인지강화교실, 인식개선교육, 치매파트너양성, 치매치료관리비지원, 치매사례관리, 배회인식표발급, 치매가족프로그램 및 홍보, 캠페인실시, 치매공공후견인 사업",063-539-6941,전라북도 정읍시 보건소,2022-05-25,4690000,전라북도 정읍시
치매안심센터,치매안심센터,경상남도 진주시 문산읍 월아산로 983,경상남도 진주시 문산읍 삼곡리 995-1,35.15910893,128.1636152,2018-11,,,3,21,1,3,진주시보건소,황혜경,055-749-5778,,"치매선별 및 진단검사,치매안심센터 쉼터운영, 치매극복의 날 행사, 치매파트너, 파트너플러스, 치매안심마을 운영",,진주시보건소,2022-05-23,5310000,경상남도 진주시
장안구치매안심센터,치매안심센터,경기도 수원시 장안구 송원로 101 (조원동),경기도 수원시 장안구 조원동 888,37.30402833,127.0103129,2018-10,482,사무실(2)+프로그램실(4)+상담검진실(3)+진료실(1)+가족카페(1),0,14,2,임상병리사(1)+작업치료사(2),장안구보건소,권용찬,031-228-5953,,치매조기검진+치매치료관리비지원+인지프로그램운영+치매가족지지프로그램 운영 등,031-228-5953,경기도 수원시 장안구보건소,2022-05-24,3740000,경기도 수원시
권선구치매안심센터,치매안심센터,경기도 수원시 권선구 호매실로 22-50(탑동),경기도 수원시 권선구 탑동 910,37.25874424,126.9711281,2019-07,498,사무실(1)+프로그램실(3)+상담검진실(3)+가족카페(1),1,10,2,4,권선구보건소,성낙훈,031-228-6964,,치매조기검진+치매치료관리비지원+인지프로그램운영+치매가족지지프로그램 운영+치매인식개선 및 홍보 등,031-228-6798,경기도 수원시 권선구보건소,2022-05-24,3740000,경기도 수원시
팔달구치매안심센터,치매안심센터,경기도 수원시 팔달구 팔달산로 6(교동),경기도 수원시 팔달구 교동 56-1,37.271433,127.0125194,2019-06,426,사무실(2)+프로그램실(3)+상담검진실(3)+가족카페(1)+원예작업장(1),1,12,2,3,팔달구보건소,권명희,031-228-7794,,치매조기검진+치매치료관리비지원+인지프로그램운영+치매가족지지프로그램 운영 등,031-228-7719,경기도 수원시 팔달구보건소,2022-05-24,3740000,경기도 수원시
영통구치매안심센터,치매안심센터,경기도 수원시 영통구 영통로 396 영통구보건소 5층,경기도 수원시 영통구 영통동 961-18,37.2568819,127.0697092,2018-01,440.78,사무실(2)+프로그램실(3)+상담실(4)+휴게실(1),1,10,4,2,영통구보건소,심평수,031-228-8447,,무료치매검진+치매치료관리비지원+인지프로그램운영+치매가족지지프로그램 운영+치매인식개선 및 홍보 등,031-228-8792,경기도 수원시 영통구보건소,2022-05-24,3740000,경기도 수원시
계양구보건소 치매안심센터,치매안심센터,인천광역시 계양구 계산새로 88,,37.53744173,126.7377592,2018-01,82,사무실(1)+프로그램실(1)+화장실(1)+휴게실(1),1,17,2,5,계양구보건소,한영란,032-430-7867,,"치매 조기검진 및 등록, 치매환자지원사업, 치매예방 인지강화 프로그램, 치매인식개선사업, 치매공공후견사업",032-430-7867,인천광역시 계양구보건소,2022-05-24,3550000,인천광역시 계양구
효성평생건강센터,치매안심센터,인천광역시 계양구 봉오대로543번길 21,,37.532538,126.7086103,2019-12,353,사무실(3)+프로그램실(2)+화장실(2)+휴게실(1),0,4,0,4,계양구보건소,한영란,032-450-1838,,"치매 조기검진 및 등록, 치매환자지원사업, 치매예방 인지강화 프로그램, 치매인식개선사업",032-450-1838,인천광역시 계양구보건소,2022-05-24,3550000,인천광역시 계양구
대구남구치매안심센터,치매안심센터,대구광역시 남구 영선길 34,대구광역시 남구 대명동 2003,35.853883,128.5915237,2022-01,215.9,사무실(2)+교육실(1)+상담실(1)+검진실(3),0,9,2,작업치료사(3)+임상심리사(2),대구광역시 남구보건소,이상희,053-664-3694,,"치매조기검진사업, 치매환자 및 가족프로그램 운영, 치매예방교육 및 인식개선사업 등",053-664-3695,대구광역시 남구보건소,2022-05-19,3440000,대구광역시 남구
동구보건소 치매안심센터,치매안심센터,대구광역시 동구 동촌로 79,대구광역시 동구 검사동 1005-8,35.88812099,128.651234,2018-12,537,선별검사실+사무실+프로그램실+상담실,2,14,5,2,대구동구보건소,김정용,053-662-3300,,인지재활 및 가족지지 프로그램,053-662-3300,대구광역시 동구보건소,2022-05-20,3420000,대구광역시 동구
하남시 치매안심센터,치매안심센터,경기도 하남시 미사강변대로 200,경기도 하남시 망월동 980,37.5676545,127.1858194,Jul-18,,사무실(1)+프로그램실(2)+상담실(2)+검진실(1)+진료실(1)+카페(1),1,4,1,3,하남시 치매안심센터,박강용,031-790-6254,,"치매상담 및 등록관리사업, 치매조기검진, 예방관리사업 등",031-790-6254,하남시 치매안심센터,2022-05-20,4040000,경기도 하남시
대구달서구치매안심센터,치매안심센터,대구광역시 달서구 와룡로 106,대구광역시 달서구 본리동 64-1,35.84208791,128.5376272,2019-05,534,사무실(1)+상담실(3)+쉼터(1)+프로그램실(1)+진단검사실(1),0,12,5,작업치료사(4) + 임상심리사(1) + 기타(3),달서구보건소 (직영),이완회,053-667-5601,,"치매예방교실운영, 치매인지강화교실운영, 치매쉼터(인지재활교실)운영, 가족지원프로그램운영 및 자조모임운영, 치매극복의 날 기념행사 등",053-667-5780,대구광역시 달서구보건소,2022-05-16,3470000,대구광역시 달서구
